transaction_id,customer_id,product_id,date,amount,payment_method,transaction_status,shipping_cost,discount,tax,total_amount,region
1,103,40,2023-06-29 22:27:27.912038,109.19,,Pending,36.53,11.29,37.69,428.39,South
2,180,83,2023-09-17 22:27:27.912044,1808.79,Net Banking,Pending,31.51,8.8,31.1,78.68,North
3,93,42,2023-01-30 22:27:27.912045,1819.69,Cash,,,43.31,27.0,276.65,South
4,15,41,2023-09-11 22:27:27.912046,1562.62,,Success,20.74,22.21,37.48,13.92,Central
5,107,6,2023-09-05 22:27:27.912047,10000,Debit Card,Pending,15.97,6.85,36.38,56.6,Central
6,72,52,2023-07-11 22:27:27.912048,123.99,Net Banking,Failed,34.52,43.11,31.49,36.56,Central
7,189,26,2023-06-28 22:27:27.912049,458.2,Debit Card,Success,13.95,40.8,17.99,365.48,Central
8,21,64,2023-05-18 22:27:27.912050,271.39,Debit Card,Pending,,49.2,20.29,49.72,West
9,103,98,2023-04-08 22:27:27.912051,803.68,UPI,Success,,45.49,48.52,361.06,North
10,122,59,2022-12-18 22:27:27.912052,1846.02,Debit Card,Success,8.11,42.59,5.62,132.32,West
11,75,56,2023-12-04 22:27:27.912052,949.4,Debit Card,Success,42.24,2.63,13.43,440.08,Central
12,88,59,2023-04-25 22:27:27.912053,36.67,Credit Card,Pending,16.45,5.22,24.62,408.44,East
13,117,70,2023-02-20 22:27:27.912054,572.66,Cash,Failed,26.29,28.45,41.84,479.34,West
14,100,33,2023-04-17 22:27:27.912055,98.74,UPI,Failed,6.95,26.57,8.18,443.04,Central
15,104,53,2023-09-20 22:27:27.912056,82.21,UPI,Failed,36.47,22.9,13.85,467.33,Central
16,152,22,2023-08-12 22:27:27.912056,558.68,UPI,Success,19.88,19.84,3.29,430.78,North
17,131,21,2023-07-05 22:27:27.912057,558.47,Credit Card,Pending,38.51,21.56,35.3,349.76,South
18,150,70,2023-08-25 22:27:27.912058,1576.38,Debit Card,Success,23.56,28.46,11.91,93.43,West
19,53,70,2023-05-26 22:27:27.912059,1949.92,Cash,Failed,13.81,0.1,19.43,143.14,West
20,2,4,2023-06-23 22:27:27.912059,748.7,Net Banking,Failed,28.09,13.04,22.19,114.24,West
21,88,94,2022-12-12 22:27:27.912060,863.48,Debit Card,Pending,10.87,25.91,44.57,305.76,Central
22,158,75,2023-09-07 22:27:27.912061,1691.13,Credit Card,Success,24.82,36.11,20.57,256.77,North
23,38,62,2023-06-15 22:27:27.912061,543.6,Debit Card,Failed,19.28,8.71,7.26,434.87,Central
24,130,62,2023-08-06 22:27:27.912062,321.2,Debit Card,Pending,46.04,27.34,26.22,476.81,Central
25,192,94,2023-07-16 22:27:27.912063,1707.65,,Success,7.74,35.72,48.15,208.38,East
26,188,95,2023-08-22 22:27:27.912064,102.54,UPI,Success,36.23,22.23,30.38,258.11,North
27,21,24,2023-02-04 22:27:27.912064,1243.2,UPI,,13.22,1.35,49.17,486.04,West
28,161,55,2022-12-11 22:27:27.912065,1128.37,Cash,,19.36,22.46,42.06,145.36,South
29,58,9,2023-01-23 22:27:27.912066,698.38,Cash,Success,23.7,14.82,1.8,398.27,West
30,22,3,2023-08-05 22:27:27.912067,637.23,UPI,Success,45.86,46.48,32.92,120.37,Central
31,89,31,2023-11-27 22:27:27.912067,1546.0,Net Banking,Failed,15.92,6.23,14.34,343.92,North
32,49,40,2023-03-19 22:27:27.912068,181.98,Debit Card,Success,9.11,32.62,27.98,134.27,North
33,59,36,2023-09-24 22:27:27.912069,481.2,Net Banking,Failed,19.34,2.64,13.97,443.03,North
34,170,24,2022-12-12 22:27:27.912069,1467.57,Debit Card,Success,9.71,22.31,17.44,285.12,East
35,188,95,2023-04-27 22:27:27.912070,1101.16,UPI,Failed,10.79,27.7,46.16,101.11,West
36,15,6,2023-10-26 22:27:27.912071,264.7,Cash,Pending,30.82,14.9,10.33,119.94,East
37,190,66,2023-05-16 22:27:27.912072,1765.45,Cash,Failed,7.74,22.75,43.71,251.99,South
38,190,84,2023-03-17 22:27:27.912072,792.96,Net Banking,Failed,6.39,8.18,1.52,481.18,Central
39,175,92,2023-01-12 22:27:27.912073,1657.46,,Pending,37.15,15.21,4.54,387.12,East
40,190,75,2023-06-11 22:27:27.912074,1577.55,,Success,21.27,31.06,42.73,249.27,East
41,51,4,2022-12-23 22:27:27.912075,1252.61,Net Banking,,10.64,15.09,31.53,175.48,Central
42,108,79,2023-01-22 22:27:27.912075,994.02,Debit Card,Failed,16.41,44.99,37.36,279.14,North
43,55,6,2023-09-13 22:27:27.912076,1959.31,Cash,Success,,31.42,10.47,376.7,Central
44,64,94,2023-01-22 22:27:27.912077,298.48,Credit Card,Pending,,21.93,26.85,394.13,West
45,131,51,2023-08-17 22:27:27.912078,1453.06,Cash,Success,27.25,1.94,36.86,169.06,Central
46,51,62,2023-03-30 22:27:27.912078,390.47,Debit Card,Success,,24.98,31.37,363.37,North
47,135,57,2023-11-29 22:27:27.912079,683.14,Net Banking,Pending,31.46,38.24,23.58,332.32,Central
48,21,66,2023-09-13 22:27:27.912080,624.31,Debit Card,Success,19.22,13.28,47.99,479.97,East
49,73,79,2023-05-12 22:27:27.912081,1894.6,Credit Card,Pending,33.21,40.34,33.81,466.23,South
50,167,75,2023-01-26 22:27:27.912081,1935.04,UPI,Failed,41.38,12.59,45.39,396.8,East
51,18,8,2023-11-14 22:27:27.912082,374.2,Cash,Success,32.52,41.19,36.49,364.46,South
52,132,26,2023-12-03 22:27:27.912083,53.85,Net Banking,Failed,18.31,4.26,36.77,144.28,Central
53,89,51,2023-08-01 22:27:27.912083,1442.82,UPI,Failed,16.51,43.31,4.0,424.52,West
54,60,45,2023-02-12 22:27:27.912084,841.8,,Success,19.73,24.96,17.97,219.48,Central
55,14,44,2023-06-01 22:27:27.912085,186.79,Net Banking,Pending,12.41,14.83,42.92,143.4,North
56,9,5,2022-12-09 22:27:27.912086,1370.67,UPI,Success,13.15,13.26,11.63,198.24,Central
57,90,70,2023-11-22 22:27:27.912086,1094.76,Net Banking,,40.58,21.6,5.78,419.61,South
58,53,26,2023-11-24 22:27:27.912087,1961.23,Credit Card,Failed,,49.95,16.31,82.83,East
59,130,68,2023-09-10 22:27:27.912088,462.54,Credit Card,Pending,24.62,11.02,11.02,233.52,West
60,84,19,2023-11-24 22:27:27.912089,813.92,Cash,,31.73,5.16,46.26,251.26,Central
61,92,84,2023-11-11 22:27:27.912089,1089.67,Cash,Failed,31.53,29.25,43.4,27.95,Central
62,111,97,2023-02-08 22:27:27.912090,1585.48,Credit Card,Failed,8.03,24.43,24.98,105.92,East
63,188,20,2023-04-07 22:27:27.912091,1102.19,Net Banking,Failed,42.42,26.21,3.07,415.1,West
64,199,12,2023-08-06 22:27:27.912091,1229.67,Credit Card,Pending,,33.35,35.73,417.08,Central
65,172,47,2023-07-12 22:27:27.912092,460.03,Cash,Failed,37.54,13.36,31.17,153.28,Central
66,8,1,2023-10-12 22:27:27.912093,1695.37,Credit Card,Failed,39.77,45.53,48.53,438.7,South
67,175,90,2023-04-12 22:27:27.912094,862.97,Credit Card,Success,37.17,21.78,27.95,388.17,South
68,35,14,2022-12-15 22:27:27.912094,290.51,Net Banking,,31.05,6.45,16.82,214.77,North
69,81,64,2023-06-16 22:27:27.912095,1331.73,UPI,Failed,5.66,37.11,25.95,376.72,East
70,164,38,2023-04-29 22:27:27.912096,440.02,Cash,Failed,,32.16,48.96,481.05,West
71,50,37,2023-08-09 22:27:27.912096,204.15,Net Banking,Success,32.22,15.79,34.82,234.9,Central
72,104,11,2023-01-31 22:27:27.912097,1725.35,,Pending,22.44,31.08,33.6,126.83,Central
73,132,100,2023-06-06 22:27:27.912098,925.72,Credit Card,Pending,43.86,10.99,12.03,471.49,North
74,2,77,2023-02-21 22:27:27.912099,1501.07,UPI,Pending,18.9,22.24,37.18,305.83,Central
75,134,3,2023-02-02 22:27:27.912099,588.27,Cash,Pending,,44.97,37.51,61.58,East
76,54,33,2023-02-09 22:27:27.912100,1576.07,Cash,,16.97,6.68,15.86,290.61,North
77,106,6,2023-09-15 22:27:27.912101,232.75,Debit Card,Pending,19.98,19.33,24.19,255.28,East
78,4,50,2023-05-09 22:27:27.912102,718.39,Cash,Pending,30.08,41.06,14.73,429.24,North
79,54,10,2023-07-09 22:27:27.912103,1956.34,UPI,Pending,36.82,48.47,12.94,270.04,Central
80,191,5,2023-10-30 22:27:27.912103,1590.04,Debit Card,Success,34.82,22.7,1.29,135.06,North
81,146,23,2022-12-19 22:27:27.912104,999.54,Debit Card,Pending,41.35,25.35,14.26,341.07,South
82,44,10,2023-01-28 22:27:27.912105,686.16,Credit Card,Pending,44.87,28.61,27.7,275.86,West
83,162,44,2022-12-10 22:27:27.912105,1745.55,Credit Card,,41.72,46.62,0.08,124.19,Central
84,190,2,2023-10-08 22:27:27.912106,1094.25,Cash,Failed,5.85,42.91,14.16,291.08,West
85,14,13,2023-07-28 22:27:27.912107,1519.27,Debit Card,Success,38.12,8.53,44.07,412.55,Central
86,95,40,2023-05-18 22:27:27.912108,1510.67,Credit Card,Success,14.38,21.84,29.68,24.0,West
87,48,2,2023-04-07 22:27:27.912108,45.71,UPI,Success,10.98,23.2,30.39,319.12,South
88,15,84,2023-11-01 22:27:27.912109,261.25,,,33.73,39.45,20.17,181.3,West
89,200,65,2023-09-04 22:27:27.912111,1322.66,,Pending,,30.14,33.82,153.41,North
90,190,63,2023-05-13 22:27:27.912112,331.62,Debit Card,Failed,7.57,32.71,9.5,202.37,West
91,40,73,2022-12-18 22:27:27.912112,518.43,,Success,11.19,49.91,40.94,177.59,Central
92,82,17,2023-01-08 22:27:27.912113,1893.81,Net Banking,Pending,5.04,3.75,5.83,417.8,East
93,111,9,2023-02-04 22:27:27.912114,1124.76,UPI,Success,45.65,11.15,32.8,144.65,West
94,53,75,2022-12-21 22:27:27.912115,1503.95,,Failed,6.11,20.39,17.06,369.24,West
95,24,15,2023-05-07 22:27:27.912115,1120.38,Cash,Failed,14.43,17.39,37.38,56.09,West
96,154,24,2023-06-30 22:27:27.912116,1109.5,UPI,Failed,23.73,1.08,27.49,476.18,Central
97,188,38,2023-11-12 22:27:27.912117,197.36,UPI,Success,21.05,4.59,22.62,314.94,West
98,124,35,2023-02-16 22:27:27.912117,693.89,Debit Card,Pending,,34.05,8.47,356.29,Central
99,41,94,2023-12-02 22:27:27.912118,572.04,UPI,Pending,6.81,43.97,31.84,156.04,Central
100,157,95,2023-04-30 22:27:27.912119,787.55,Debit Card,Failed,28.05,25.71,48.74,211.93,East
101,15,49,2022-12-07 22:27:27.912120,1598.7,Credit Card,,,26.96,41.28,119.65,North
102,45,69,2023-11-16 22:27:27.912120,750.15,Net Banking,Failed,,12.75,3.0,466.94,Central
103,65,62,2023-07-07 22:27:27.912121,908.88,,Success,32.92,38.39,18.81,249.17,South
104,89,60,2023-10-17 22:27:27.912122,800.79,Debit Card,Failed,41.17,37.59,46.28,318.92,West
105,71,50,2023-06-12 22:27:27.912122,195.88,Debit Card,Success,8.77,29.42,25.15,369.79,South
106,9,78,2023-09-01 22:27:27.912123,887.73,Credit Card,Failed,22.37,10.63,33.11,191.84,West
107,88,75,2023-08-23 22:27:27.912124,399.26,Cash,Pending,21.83,4.85,45.63,362.85,East
108,129,9,2023-03-31 22:27:27.912125,381.58,Cash,Pending,44.88,3.21,43.69,341.24,Central
109,136,34,2023-08-11 22:27:27.912125,197.13,Cash,Failed,11.81,29.63,25.09,355.77,North
110,63,76,2022-12-17 22:27:27.912126,719.78,Debit Card,Pending,11.83,41.25,21.88,249.72,Central
111,139,99,2023-04-22 22:27:27.912127,1517.39,UPI,Pending,19.79,42.92,16.98,197.64,West
112,81,35,2023-10-01 22:27:27.912127,560.12,Debit Card,Pending,7.45,23.18,35.95,118.82,North
113,136,1,2023-01-05 22:27:27.912128,631.57,UPI,Success,,39.21,14.35,414.07,Central
114,163,40,2023-03-19 22:27:27.912129,1288.92,Credit Card,Pending,48.43,47.34,12.49,308.09,North
115,163,64,2023-02-14 22:27:27.912130,399.72,Net Banking,Success,24.27,13.76,17.81,227.73,West
116,33,22,2023-04-07 22:27:27.912130,1794.95,UPI,Failed,33.44,19.9,8.86,472.56,East
117,123,60,2023-06-03 22:27:27.912131,1045.18,Cash,Pending,37.68,46.57,34.76,33.44,East
118,5,64,2023-04-04 22:27:27.912132,900.73,Debit Card,Pending,21.51,16.91,30.81,426.58,Central
119,41,93,2023-08-03 22:27:27.912132,1120.06,Credit Card,,11.63,45.69,24.14,498.82,South
120,28,72,2023-03-13 22:27:27.912133,340.41,Cash,Failed,14.3,49.05,19.52,444.6,West
121,135,11,2023-07-28 22:27:27.912134,1230.81,,Success,19.1,33.09,45.45,407.11,Central
122,72,14,2023-04-13 22:27:27.912135,732.57,Net Banking,Success,33.62,40.84,1.46,193.41,Central
123,12,60,2023-11-18 22:27:27.912135,1795.4,Debit Card,Pending,22.92,37.48,38.46,123.34,East
124,162,30,2023-10-27 22:27:27.912136,346.02,,,5.31,34.98,45.1,370.08,North
125,33,35,2023-11-15 22:27:27.912137,1019.03,Net Banking,Failed,28.55,15.35,22.32,159.24,West
126,48,85,2023-04-25 22:27:27.912137,1200.24,Debit Card,Failed,46.47,2.85,27.53,96.26,North
127,151,37,2022-12-16 22:27:27.912138,76.43,UPI,Failed,41.54,17.15,47.22,395.4,West
128,62,5,2023-02-27 22:27:27.912139,733.75,Credit Card,,42.13,33.35,10.61,163.15,South
129,37,83,2023-11-28 22:27:27.912140,1467.94,Cash,Success,40.78,5.13,26.01,458.08,East
130,99,78,2023-08-28 22:27:27.912140,1642.55,Net Banking,Success,19.57,0.6,23.74,421.91,South
131,172,26,2023-04-10 22:27:27.912141,633.19,UPI,Success,39.43,6.98,12.92,425.34,Central
132,104,62,2023-09-10 22:27:27.912142,1599.2,Cash,Pending,11.44,35.79,40.93,388.07,East
133,35,4,2023-02-11 22:27:27.912143,1935.83,,Failed,34.6,48.64,44.98,441.63,Central
134,193,89,2023-11-22 22:27:27.912143,1715.18,Net Banking,Pending,33.87,49.15,39.1,404.82,South
135,101,42,2023-01-06 22:27:27.912144,244.11,UPI,,6.15,24.7,9.77,305.23,West
136,175,89,2023-12-04 22:27:27.912145,1482.06,Cash,Success,40.46,43.47,4.34,154.95,Central
137,131,18,2023-02-16 22:27:27.912145,646.14,Cash,Pending,45.65,36.84,30.27,445.22,North
138,1,40,2023-01-15 22:27:27.912146,1976.95,UPI,Success,17.03,25.05,2.85,421.9,West
139,5,72,2023-10-26 22:27:27.912147,975.86,Debit Card,Failed,41.56,28.64,33.64,241.71,West
140,142,39,2023-01-22 22:27:27.912148,253.64,Cash,Failed,,6.86,26.52,29.15,South
141,103,14,2023-01-24 22:27:27.912148,1453.12,Credit Card,,,46.88,33.14,322.89,South
142,27,32,2023-08-17 22:27:27.912149,652.79,UPI,Success,26.85,17.6,29.51,34.79,East
143,137,51,2023-11-22 22:27:27.912150,1994.19,Cash,Failed,29.57,22.31,21.14,463.88,East
144,15,38,2023-04-19 22:27:27.912151,1959.77,Net Banking,Success,46.68,33.58,10.04,481.2,North
145,90,97,2023-09-13 22:27:27.912151,1315.71,Credit Card,Pending,44.21,16.7,15.29,102.85,West
146,42,23,2023-07-29 22:27:27.912152,268.35,Cash,Failed,40.33,12.71,26.23,341.43,North
147,124,63,2023-04-19 22:27:27.912153,1376.85,Credit Card,Failed,17.32,31.55,32.59,55.21,North
148,179,15,2023-01-14 22:27:27.912154,195.13,Credit Card,Failed,46.03,1.25,38.97,367.46,South
149,63,97,2023-07-14 22:27:27.912155,68.43,Debit Card,Pending,9.39,36.04,38.36,180.17,North
150,96,25,2022-12-26 22:27:27.912157,1647.69,Credit Card,Failed,43.4,25.7,48.63,343.71,North
151,52,17,2023-11-08 22:27:27.912158,427.41,Debit Card,Success,19.77,30.29,14.29,192.71,Central
152,96,97,2023-10-01 22:27:27.912159,764.26,UPI,Success,7.42,31.59,3.56,81.33,East
153,132,66,2023-06-26 22:27:27.912160,1947.18,Debit Card,Failed,35.12,26.35,17.28,208.99,East
154,151,78,2023-04-21 22:27:27.912162,680.31,Net Banking,Failed,15.41,29.13,37.16,65.21,West
155,143,53,2023-03-20 22:27:27.912163,600.01,Cash,Pending,15.96,34.19,21.91,292.67,East
156,171,51,2023-06-25 22:27:27.912164,1837.23,UPI,Pending,18.77,37.66,40.89,30.07,West
157,29,39,2023-02-08 22:27:27.912165,230.39,UPI,Pending,7.87,36.37,27.47,268.39,Central
158,36,51,2023-02-06 22:27:27.912166,1521.57,Net Banking,Failed,12.97,43.48,46.49,444.32,East
159,13,70,2023-02-22 22:27:27.912167,1976.25,Debit Card,Pending,5.23,9.47,47.39,420.56,Central
160,160,6,2023-11-26 22:27:27.912169,1803.58,Cash,Pending,25.04,20.06,3.47,442.56,East
161,71,67,2023-05-25 22:27:27.912170,1306.82,Debit Card,Success,8.79,47.39,22.82,461.8,East
162,187,7,2023-08-10 22:27:27.912171,634.98,Credit Card,Pending,35.72,19.83,30.48,61.22,Central
163,86,51,2023-03-11 22:27:27.912173,516.1,Debit Card,Success,15.6,6.24,12.79,73.09,North
164,28,72,2023-09-17 22:27:27.912174,1640.32,UPI,Success,47.46,26.27,20.35,282.93,North
165,66,42,2023-09-04 22:27:27.912175,1760.85,Cash,,44.21,5.47,33.88,448.05,North
166,170,64,2023-03-15 22:27:27.912176,1055.62,Debit Card,Success,18.02,10.14,11.34,487.43,North
167,45,15,2023-01-08 22:27:27.912176,496.24,Cash,Failed,40.24,49.92,30.1,32.67,East
168,62,29,2022-12-21 22:27:27.912177,234.76,Cash,Failed,41.15,27.07,34.87,184.33,South
169,185,33,2022-12-10 22:27:27.912178,183.49,Credit Card,Pending,49.4,14.2,4.52,114.32,Central
170,134,94,2023-03-24 22:27:27.912179,1440.96,Credit Card,,31.9,49.74,24.88,380.42,South
171,28,27,2023-07-26 22:27:27.912179,846.04,,Success,8.69,48.33,13.15,323.69,South
172,28,36,2023-03-05 22:27:27.912180,1811.67,Net Banking,Failed,,22.04,36.22,68.75,West
173,108,29,2023-03-17 22:27:27.912181,1481.95,Cash,Pending,33.12,13.02,9.48,246.93,North
174,44,38,2023-06-18 22:27:27.912183,390.61,Net Banking,Pending,33.73,41.92,44.61,345.87,East
175,84,57,2023-12-05 22:27:27.912184,1231.42,,Success,18.82,35.78,21.55,391.71,North
176,30,97,2023-01-27 22:27:27.912188,876.66,,Pending,43.69,34.35,9.9,19.83,North
177,190,27,2023-10-03 22:27:27.912189,1158.73,Cash,Failed,48.18,44.66,21.9,446.33,South
178,75,55,2023-02-25 22:27:27.912190,1478.76,Net Banking,Pending,14.8,34.47,20.44,288.95,West
179,128,33,2023-08-07 22:27:27.912191,1614.33,Debit Card,,8.97,14.19,21.45,407.84,North
180,92,68,2023-08-21 22:27:27.912191,1689.04,Credit Card,Pending,13.75,34.69,29.28,405.89,Central
181,190,86,2023-06-14 22:27:27.912192,515.41,Debit Card,Failed,41.92,15.29,26.06,103.03,Central
182,129,66,2023-05-16 22:27:27.912193,71.92,Net Banking,,35.45,37.96,7.49,63.98,North
183,121,10,2023-06-24 22:27:27.912194,1481.2,Credit Card,Failed,33.62,30.99,3.28,363.43,South
184,27,5,2023-02-04 22:27:27.912194,221.62,Debit Card,Success,23.08,3.87,36.47,86.65,South
185,190,74,2023-08-08 22:27:27.912195,636.69,Credit Card,Pending,31.0,25.64,27.99,426.47,East
186,121,97,2023-10-23 22:27:27.912196,17.6,Cash,Success,,17.17,17.95,365.83,West
187,116,38,2023-01-28 22:27:27.912196,1366.52,Debit Card,Success,26.47,16.43,40.42,422.49,South
188,3,13,2023-07-03 22:27:27.912197,342.59,Credit Card,Pending,40.69,30.11,19.4,156.52,East
189,103,31,2023-05-13 22:27:27.912198,1314.01,Credit Card,Failed,49.16,16.12,39.8,165.13,Central
190,198,47,2023-08-20 22:27:27.912199,1983.57,Credit Card,Pending,46.96,38.84,15.29,338.9,Central
191,200,100,2023-03-30 22:27:27.912199,154.62,Debit Card,Success,47.02,3.54,3.64,25.41,Central
192,155,88,2023-01-06 22:27:27.912200,163.39,UPI,Pending,23.1,33.02,46.63,365.98,North
193,137,52,2023-07-29 22:27:27.912201,687.36,Debit Card,Success,26.1,40.46,19.73,419.53,West
194,62,56,2023-02-16 22:27:27.912201,1734.11,Net Banking,Pending,36.75,33.64,39.63,213.43,East
195,165,15,2023-11-16 22:27:27.912202,438.9,Debit Card,Pending,46.5,24.86,13.96,384.79,West
196,51,29,2023-02-27 22:27:27.912204,727.15,Credit Card,Failed,,47.52,32.32,95.56,North
197,172,8,2023-02-24 22:27:27.912205,146.33,Cash,Success,18.69,15.0,43.67,167.91,East
198,152,5,2023-12-05 22:27:27.912206,1528.68,Debit Card,Failed,11.27,0.96,2.08,487.41,East
199,59,29,2023-08-09 22:27:27.912207,822.53,Debit Card,Success,32.54,21.6,41.53,493.3,South
200,118,47,2023-11-01 22:27:27.912207,1520.9,Credit Card,Pending,18.78,1.65,28.57,261.18,West
201,160,68,2023-05-22 22:27:27.912208,1808.18,Cash,Success,19.67,47.7,30.37,467.79,West
202,96,76,2023-04-05 22:27:27.912224,473.2,Cash,,8.19,10.5,26.16,266.14,South
203,180,45,2023-10-08 22:27:27.912225,1616.72,Net Banking,Failed,20.74,39.45,43.72,152.88,Central
204,113,2,2023-01-15 22:27:27.912226,127.6,Debit Card,Failed,43.81,38.73,2.17,140.78,North
205,62,27,2023-06-28 22:27:27.912226,1798.71,,Success,15.49,10.89,13.05,465.46,West
206,186,95,2023-06-10 22:27:27.912227,1305.03,Cash,Failed,36.28,31.06,43.79,94.5,South
207,52,36,2023-05-14 22:27:27.912228,1749.71,,Failed,33.33,2.4,37.62,294.02,East
208,12,36,2023-11-24 22:27:27.912229,10.37,UPI,Failed,43.86,24.18,0.88,282.21,South
209,39,26,2023-03-05 22:27:27.912229,346.47,Cash,Pending,10.95,0.73,25.85,372.41,Central
210,130,43,2023-06-08 22:27:27.912230,785.62,Net Banking,Pending,48.99,46.06,26.48,254.63,North
211,131,27,2023-04-08 22:27:27.912231,765.21,Cash,Success,31.22,48.8,20.04,143.42,Central
212,113,69,2023-05-04 22:27:27.912232,461.19,Credit Card,Success,49.8,11.11,14.87,93.0,East
213,101,20,2023-03-30 22:27:27.912232,769.41,Debit Card,Failed,46.02,10.41,34.09,314.2,East
214,113,11,2023-02-10 22:27:27.912233,266.41,Net Banking,Pending,14.97,37.69,10.39,362.31,East
215,184,74,2023-08-02 22:27:27.912234,831.39,Credit Card,Failed,7.53,12.67,39.95,289.07,East
216,81,38,2023-05-03 22:27:27.912235,1606.69,Net Banking,Failed,16.5,44.75,40.15,371.79,South
217,187,6,2023-02-03 22:27:27.912235,963.35,Credit Card,Pending,28.74,28.7,20.76,79.35,East
218,113,72,2023-02-24 22:27:27.912236,45.82,Debit Card,,12.72,17.54,14.18,442.41,East
219,2,23,2023-06-04 22:27:27.912237,848.67,Debit Card,Pending,12.54,41.63,14.19,295.37,South
220,130,47,2023-10-28 22:27:27.912238,64.08,UPI,Success,25.82,24.67,24.11,72.15,East
221,54,90,2023-04-27 22:27:27.912238,1932.82,Credit Card,Success,6.5,45.58,35.98,236.34,Central
222,87,46,2023-06-05 22:27:27.912239,263.63,UPI,Failed,10.48,46.4,17.94,423.95,Central
223,129,12,2023-06-11 22:27:27.912240,1418.3,Credit Card,Success,23.71,8.27,30.5,449.81,West
224,147,90,2023-02-15 22:27:27.912240,1945.82,UPI,Pending,7.84,0.12,19.12,139.68,Central
225,126,13,2022-12-31 22:27:27.912241,1653.82,Debit Card,,22.85,49.2,15.23,358.52,North
226,130,62,2023-07-08 22:27:27.912242,1401.64,,Success,26.33,45.31,1.24,58.99,North
227,53,82,2023-08-02 22:27:27.912243,1680.53,UPI,Failed,25.31,2.77,0.2,26.44,North
228,172,89,2023-02-08 22:27:27.912243,1963.78,Credit Card,Failed,44.11,41.65,11.36,284.6,South
229,160,97,2023-02-01 22:27:27.912244,1246.48,Credit Card,Success,28.85,22.89,20.32,350.47,Central
230,198,60,2023-01-04 22:27:27.912245,1122.78,Debit Card,Failed,,12.95,42.56,399.94,North
231,160,43,2023-04-16 22:27:27.912246,1260.19,Credit Card,Failed,23.48,43.94,39.92,176.71,West
232,68,76,2023-11-28 22:27:27.912246,1070.03,,Failed,41.79,9.83,13.36,13.2,South
233,183,100,2022-12-30 22:27:27.912247,1273.83,,Pending,45.28,47.36,12.23,244.96,West
234,184,68,2023-07-30 22:27:27.912248,905.19,UPI,Pending,43.4,10.28,11.37,17.77,Central
235,123,5,2023-03-17 22:27:27.912249,444.7,Net Banking,Success,,30.68,16.96,55.07,East
236,145,37,2023-07-02 22:27:27.912250,249.29,Debit Card,Pending,11.18,11.15,24.91,170.08,West
237,38,72,2022-12-19 22:27:27.912250,146.0,UPI,Failed,,27.28,21.93,224.21,East
238,24,92,2022-12-13 22:27:27.912251,534.0,,Pending,7.07,34.2,10.91,146.94,South
239,69,31,2023-12-01 22:27:27.912252,101.79,,Success,46.89,9.51,6.52,295.11,West
240,116,9,2023-09-11 22:27:27.912253,1138.67,Debit Card,Pending,34.74,26.04,0.63,37.12,West
241,98,51,2023-06-14 22:27:27.912253,574.82,Credit Card,Failed,38.59,23.45,7.7,80.84,South
242,198,29,2023-02-19 22:27:27.912254,1650.82,,Failed,19.02,3.55,35.27,350.68,South
243,139,78,2023-05-27 22:27:27.912255,157.74,Cash,Success,43.05,40.92,12.18,79.65,North
244,144,40,2023-01-29 22:27:27.912256,460.44,Net Banking,Pending,16.68,16.78,23.43,323.49,Central
245,97,41,2023-08-09 22:27:27.912256,1463.19,Net Banking,Pending,5.07,28.73,29.57,36.8,West
246,124,86,2023-05-02 22:27:27.912257,1201.63,Net Banking,Pending,21.94,25.74,44.34,209.62,West
247,187,11,2023-08-14 22:27:27.912258,138.34,Cash,Failed,30.68,25.66,44.44,96.93,South
248,70,23,2023-07-14 22:27:27.912258,1755.71,Credit Card,Success,26.54,5.36,37.29,63.72,South
249,93,1,2023-11-10 22:27:27.912259,1755.75,UPI,Pending,43.79,21.17,1.76,287.85,Central
250,3,46,2023-07-23 22:27:27.912260,667.51,Net Banking,Failed,9.74,22.62,28.75,464.88,South
251,148,21,2023-02-06 22:27:27.912261,687.41,Credit Card,Failed,29.92,36.68,39.33,36.85,East
252,187,90,2023-04-18 22:27:27.912261,1978.17,Debit Card,Failed,28.08,42.0,0.86,216.56,East
253,164,36,2023-09-21 22:27:27.912262,1256.09,Net Banking,Pending,17.66,27.25,27.48,356.69,East
254,147,54,2023-01-12 22:27:27.912263,1067.32,UPI,Pending,42.0,4.34,42.89,236.72,East
255,90,87,2022-12-26 22:27:27.912264,1677.92,Debit Card,Pending,38.88,11.84,23.71,405.18,Central
256,195,57,2023-02-07 22:27:27.912264,577.73,Debit Card,Pending,37.98,8.25,0.21,98.03,West
257,147,1,2023-02-20 22:27:27.912265,864.07,,Pending,44.43,6.23,0.55,480.2,East
258,148,63,2023-12-05 22:27:27.912266,542.88,Net Banking,,37.53,18.29,20.83,198.73,South
259,96,54,2023-07-12 22:27:27.912268,1580.43,,Pending,15.43,11.47,7.75,177.37,East
260,199,55,2023-02-22 22:27:27.912268,1150.97,UPI,Pending,36.75,10.92,33.22,438.56,Central
261,52,40,2023-07-17 22:27:27.912269,1321.06,UPI,Pending,18.85,2.73,35.44,286.29,South
262,161,15,2023-10-14 22:27:27.912270,512.09,UPI,Failed,15.9,0.88,8.89,263.06,East
263,168,21,2023-02-05 22:27:27.912271,448.25,Debit Card,Pending,8.29,5.14,44.43,366.22,West
264,128,47,2023-09-28 22:27:27.912271,981.87,Credit Card,Success,38.48,8.61,22.1,294.12,South
265,39,73,2022-12-10 22:27:27.912272,1477.76,Cash,Failed,37.0,21.55,7.14,89.63,South
266,82,53,2023-09-07 22:27:27.912273,1055.23,Net Banking,Pending,15.55,25.53,38.21,340.36,West
267,104,9,2023-04-30 22:27:27.912274,74.96,,Success,38.72,7.03,39.5,75.4,South
268,129,74,2023-05-28 22:27:27.912274,1738.42,,,46.3,21.24,31.96,404.87,East
269,11,52,2023-10-04 22:27:27.912275,138.73,,Success,9.86,17.09,42.67,494.97,South
270,185,57,2023-09-24 22:27:27.912276,1912.09,Cash,Success,15.47,9.17,36.87,194.92,East
271,178,26,2023-06-28 22:27:27.912277,60.03,Net Banking,Success,38.76,0.34,44.11,227.93,West
272,151,41,2023-06-20 22:27:27.912277,1391.96,Net Banking,Success,17.35,23.35,21.69,32.75,North
273,159,35,2023-09-08 22:27:27.912278,173.59,UPI,Failed,33.11,34.28,37.38,16.73,West
274,42,63,2023-06-13 22:27:27.912279,1822.25,Credit Card,Failed,8.65,11.31,49.99,461.5,East
275,99,25,2023-03-12 22:27:27.912280,934.22,Cash,Success,25.35,6.59,36.25,73.03,Central
276,7,90,2023-09-24 22:27:27.912280,283.67,Credit Card,Pending,38.26,44.35,5.71,228.43,West
277,144,75,2023-04-05 22:27:27.912281,688.22,Credit Card,Success,35.89,13.75,25.92,409.52,Central
278,90,38,2023-09-20 22:27:27.912282,338.0,Cash,Failed,41.68,11.18,29.37,445.77,Central
279,112,2,2023-06-30 22:27:27.912283,349.46,Cash,Pending,,42.85,8.71,264.5,East
280,60,7,2023-01-16 22:27:27.912283,1896.74,Net Banking,,39.79,40.86,48.14,286.87,East
281,113,82,2023-08-30 22:27:27.912284,896.04,Net Banking,Failed,35.22,22.42,8.78,338.15,North
282,2,91,2023-08-26 22:27:27.912285,1579.72,Cash,Pending,6.43,24.46,8.88,481.08,South
283,129,34,2023-07-27 22:27:27.912286,1282.82,Debit Card,Success,29.07,10.89,45.76,305.31,West
284,48,91,2023-08-26 22:27:27.912286,1356.09,Net Banking,Success,6.7,3.92,23.26,284.14,East
285,140,17,2023-11-17 22:27:27.912287,272.07,Debit Card,Success,,28.67,3.16,17.12,West
286,197,43,2023-09-15 22:27:27.912288,476.03,Cash,Success,,4.92,29.91,49.67,Central
287,37,59,2023-03-02 22:27:27.912289,1575.63,Net Banking,Pending,30.31,22.46,30.09,292.81,South
288,160,51,2023-01-01 22:27:27.912289,1941.82,Credit Card,Pending,17.58,47.02,3.23,468.76,North
289,9,54,2023-01-09 22:27:27.912290,532.72,Cash,Pending,,47.64,48.63,434.68,West
290,99,24,2023-07-30 22:27:27.912291,550.42,UPI,Failed,44.89,11.97,27.2,491.46,South
291,147,25,2022-12-27 22:27:27.912292,951.07,Debit Card,Pending,,31.21,27.99,268.64,North
292,48,71,2023-01-30 22:27:27.912292,1967.84,Cash,Success,43.83,23.7,26.01,396.09,West
293,131,52,2023-09-08 22:27:27.912293,545.23,Cash,Failed,17.02,43.78,30.54,421.8,South
294,148,70,2023-05-07 22:27:27.912294,819.87,Net Banking,Success,29.06,13.57,13.21,327.54,East
295,152,88,2023-07-16 22:27:27.912295,1784.05,Net Banking,Success,,0.19,14.36,175.99,West
296,54,33,2023-10-02 22:27:27.912295,15.81,Net Banking,Pending,19.66,8.13,25.57,240.29,South
297,120,49,2023-09-21 22:27:27.912296,89.13,UPI,Pending,47.93,17.48,40.33,430.38,North
298,161,29,2023-05-21 22:27:27.912297,1212.1,Net Banking,Success,10.48,15.79,2.49,156.29,South
299,152,63,2023-07-16 22:27:27.912298,1815.69,Cash,Success,5.82,39.57,30.17,462.63,East
300,116,22,2023-01-24 22:27:27.912298,485.32,Net Banking,Failed,,34.03,40.34,122.61,West
301,75,26,2023-09-04 22:27:27.912299,944.59,Credit Card,Pending,8.09,14.98,7.85,377.26,West
302,113,28,2023-02-04 22:27:27.912300,906.43,,Failed,49.64,22.89,0.75,318.97,West
303,200,85,2023-04-26 22:27:27.912301,951.21,UPI,Failed,47.81,4.78,15.64,377.3,East
304,164,49,2023-02-18 22:27:27.912301,1248.81,Credit Card,Failed,11.17,44.91,29.41,224.3,North
305,166,71,2023-08-26 22:27:27.912302,944.79,Cash,Success,29.19,46.77,6.91,466.99,West
306,104,81,2023-03-14 22:27:27.912303,900.46,Cash,Failed,,48.99,21.31,319.91,North
307,84,84,2022-12-16 22:27:27.912304,953.83,Debit Card,Failed,24.27,43.43,27.62,151.26,South
308,112,49,2023-08-18 22:27:27.912304,1185.83,Credit Card,Success,7.76,8.7,29.94,322.84,North
309,99,20,2023-01-10 22:27:27.912305,1078.64,Debit Card,Pending,15.08,2.31,13.72,150.54,North
310,153,86,2023-03-16 22:27:27.912306,1709.73,,Pending,21.35,28.98,20.0,153.88,West
311,93,92,2023-12-03 22:27:27.912307,108.5,,Failed,24.74,45.63,38.92,205.8,Central
312,146,63,2023-09-12 22:27:27.912307,1668.3,UPI,Success,48.99,8.87,47.06,427.69,Central
313,128,61,2023-02-27 22:27:27.912308,1689.41,Debit Card,Pending,41.35,0.35,43.09,255.15,East
314,110,49,2023-01-12 22:27:27.912309,576.97,UPI,Failed,38.18,40.27,28.21,342.66,East
315,82,71,2023-02-05 22:27:27.912310,931.08,Credit Card,Failed,29.17,3.84,20.51,202.06,Central
316,194,1,2023-08-11 22:27:27.912310,882.69,Cash,Success,42.8,20.69,16.65,139.17,South
317,54,96,2023-04-29 22:27:27.912311,444.83,Credit Card,Failed,20.27,33.94,6.25,477.77,West
318,163,13,2023-07-05 22:27:27.912312,799.63,UPI,,36.9,11.84,5.33,305.75,West
319,189,94,2023-07-06 22:27:27.912313,98.33,Debit Card,Success,49.72,4.2,34.42,467.64,South
320,169,87,2023-11-24 22:27:27.912313,562.87,Debit Card,Pending,19.16,38.5,12.99,109.67,South
321,161,51,2023-07-26 22:27:27.912314,1635.2,UPI,Pending,35.33,31.51,12.73,81.98,Central
322,68,56,2023-02-05 22:27:27.912315,576.28,Debit Card,,42.99,49.42,49.91,429.35,East
323,33,83,2023-02-16 22:27:27.912316,1638.23,,Failed,,17.22,9.4,343.65,South
324,142,62,2023-02-09 22:27:27.912317,1067.88,Cash,Failed,37.31,3.09,7.4,101.42,East
325,21,32,2023-04-22 22:27:27.912317,1760.93,Cash,Pending,17.76,36.72,4.93,141.99,North
326,48,30,2023-03-10 22:27:27.912318,1153.81,Cash,Pending,19.68,26.09,28.99,402.33,West
327,148,29,2023-10-24 22:27:27.912319,69.04,,Success,5.93,10.66,31.39,232.4,Central
328,128,49,2022-12-28 22:27:27.912320,1354.09,,Success,39.24,39.09,18.26,338.56,West
329,136,45,2023-01-14 22:27:27.912320,99.26,Credit Card,Failed,6.92,10.19,26.77,165.99,Central
330,135,93,2023-02-07 22:27:27.912321,906.69,Credit Card,Failed,43.91,13.03,39.42,196.8,North
331,195,30,2022-12-07 22:27:27.912322,1859.56,Cash,Success,10.34,4.63,40.91,495.45,West
332,145,16,2023-11-15 22:27:27.912323,338.76,Net Banking,Pending,12.73,19.97,47.9,131.33,North
333,128,40,2023-08-21 22:27:27.912323,785.85,Credit Card,Failed,26.44,20.95,41.21,258.16,Central
334,33,19,2023-01-04 22:27:27.912324,1462.42,Credit Card,Pending,,25.73,28.24,423.76,South
335,176,18,2023-02-06 22:27:27.912325,1765.69,Debit Card,Success,11.26,35.45,8.98,127.22,West
336,187,1,2023-08-11 22:27:27.912326,1345.18,Net Banking,Failed,24.8,45.31,4.99,213.45,North
337,115,78,2023-08-04 22:27:27.912326,523.76,Cash,Failed,26.73,6.89,2.73,311.39,West
338,119,47,2023-02-28 22:27:27.912327,1352.47,Credit Card,Success,14.55,2.72,33.33,245.78,West
339,22,66,2023-02-17 22:27:27.912328,600.49,Net Banking,Failed,,0.93,40.38,235.16,West
340,158,92,2023-05-17 22:27:27.912329,1439.67,Net Banking,Success,42.64,7.18,25.43,187.63,East
341,38,94,2023-10-16 22:27:27.912329,1908.53,Cash,Failed,27.61,32.9,2.74,297.46,North
342,109,38,2023-03-10 22:27:27.912330,1445.57,Net Banking,Success,5.65,36.37,26.77,315.94,North
343,51,51,2023-01-16 22:27:27.912331,1727.13,Net Banking,Failed,41.13,39.33,46.79,330.11,West
344,182,63,2023-03-04 22:27:27.912332,14.19,Net Banking,,49.14,12.19,29.88,44.48,South
345,8,4,2023-07-18 22:27:27.912333,1437.97,Credit Card,Pending,32.27,15.29,40.47,319.21,West
346,27,1,2023-03-06 22:27:27.912333,1660.88,Cash,,27.67,24.16,40.01,477.09,East
347,27,8,2023-02-19 22:27:27.912334,90.71,Net Banking,Failed,44.53,3.16,46.61,275.08,Central
348,21,29,2023-01-06 22:27:27.912335,1744.48,Net Banking,Failed,47.86,30.56,38.51,360.48,East
349,30,55,2023-10-15 22:27:27.912336,520.82,Credit Card,Pending,38.95,49.19,37.39,282.8,South
350,97,3,2023-11-09 22:27:27.912336,1333.93,Cash,Pending,,18.04,11.71,428.82,West
351,28,32,2023-07-02 22:27:27.912337,1602.71,Debit Card,Success,31.65,37.64,3.0,465.5,North
352,111,10,2023-04-11 22:27:27.912338,1328.7,Credit Card,Success,36.54,25.0,25.88,100.27,West
353,192,74,2023-07-03 22:27:27.912339,193.65,Cash,Success,13.74,6.39,6.22,224.06,South
354,197,83,2023-02-18 22:27:27.912339,1196.68,Net Banking,Pending,25.12,29.11,48.11,202.27,North
355,61,34,2023-07-23 22:27:27.912340,1103.67,Cash,Pending,42.34,14.99,14.5,208.56,East
356,48,97,2023-07-15 22:27:27.912341,1801.64,Cash,Pending,34.46,1.72,42.65,71.51,Central
357,147,87,2023-08-22 22:27:27.912342,814.44,Cash,Success,23.5,31.75,19.38,408.67,Central
358,4,55,2023-07-01 22:27:27.912342,648.95,Debit Card,,,42.95,16.16,27.53,West
359,35,92,2023-07-13 22:27:27.912343,1502.2,Cash,Pending,,17.24,46.76,268.83,East
360,192,32,2023-12-04 22:27:27.912344,831.22,Debit Card,Failed,23.07,19.51,18.17,334.32,South
361,49,50,2023-09-20 22:27:27.912344,1295.73,Net Banking,Failed,40.69,44.55,19.51,111.66,Central
362,17,7,2023-07-27 22:27:27.912345,1296.44,Debit Card,,14.92,40.68,5.3,453.87,East
363,172,93,2023-09-07 22:27:27.912346,1777.2,Net Banking,Success,13.37,35.75,33.52,420.89,West
364,158,8,2022-12-26 22:27:27.912347,1201.4,Net Banking,Failed,47.79,12.44,14.44,240.83,North
365,46,65,2022-12-21 22:27:27.912347,1009.29,Debit Card,Pending,14.45,45.51,29.28,211.46,West
366,117,57,2023-03-18 22:27:27.912348,286.35,Credit Card,Success,16.74,7.72,29.57,125.92,West
367,6,67,2022-12-20 22:27:27.912349,240.32,UPI,,,31.34,35.96,367.7,East
368,99,88,2023-08-20 22:27:27.912350,317.1,Cash,Pending,38.06,1.44,37.26,74.55,Central
369,124,87,2023-09-23 22:27:27.912350,351.98,UPI,Success,36.48,32.19,25.72,343.32,East
370,37,59,2023-10-28 22:27:27.912351,1279.38,Cash,Pending,43.38,13.86,16.55,422.8,North
371,24,72,2023-06-30 22:27:27.912352,1484.55,Cash,Pending,10.21,22.48,41.87,121.95,East
372,93,54,2023-09-26 22:27:27.912353,1064.68,Net Banking,Success,36.77,17.26,15.49,434.55,South
373,46,67,2023-01-28 22:27:27.912353,1659.75,Cash,,27.67,8.64,25.38,26.33,West
374,181,51,2023-04-09 22:27:27.912354,1982.61,Cash,Failed,42.31,31.1,20.06,457.27,Central
375,95,97,2023-02-11 22:27:27.912355,1641.83,,Pending,27.87,44.1,42.75,68.0,North
376,99,92,2023-10-31 22:27:27.912356,1392.82,,Failed,32.91,47.95,21.6,326.42,West
377,188,8,2023-09-13 22:27:27.912356,1069.66,Debit Card,Pending,26.5,9.62,19.3,132.54,East
378,116,34,2023-03-18 22:27:27.912357,903.22,Cash,Success,26.52,35.87,34.49,419.91,South
379,191,35,2023-01-30 22:27:27.912358,177.94,,Success,39.56,33.22,30.12,261.03,East
380,160,96,2023-06-17 22:27:27.912359,804.74,Debit Card,Pending,33.29,17.17,5.36,76.27,West
381,161,88,2023-06-16 22:27:27.912359,1821.17,Debit Card,Success,33.5,0.95,25.41,289.79,North
382,67,78,2022-12-09 22:27:27.912360,1617.97,Credit Card,Pending,25.26,34.49,36.77,209.86,Central
383,128,32,2023-10-20 22:27:27.912361,439.94,Cash,Success,28.9,47.27,49.6,334.11,West
384,18,46,2023-07-18 22:27:27.912362,938.55,Net Banking,Failed,38.56,31.61,31.46,442.13,North
385,25,16,2023-08-10 22:27:27.912362,1635.28,Debit Card,Pending,42.17,21.76,18.51,210.6,West
386,54,68,2023-03-04 22:27:27.912363,144.1,Debit Card,Failed,36.35,26.26,11.31,152.04,South
387,58,37,2023-05-06 22:27:27.912364,780.91,Net Banking,Failed,46.58,9.98,43.64,17.11,East
388,67,54,2023-04-30 22:27:27.912365,1705.16,Cash,Pending,41.91,37.53,40.73,291.67,Central
389,104,85,2023-11-10 22:27:27.912365,813.76,Credit Card,Failed,30.28,37.32,11.7,207.11,North
390,174,14,2023-11-27 22:27:27.912366,164.45,Debit Card,Pending,35.21,7.28,10.03,193.58,Central
391,24,95,2023-03-10 22:27:27.912367,1089.64,Credit Card,Failed,46.68,43.9,35.76,99.64,Central
392,114,55,2023-11-26 22:27:27.912368,1724.87,,Pending,,13.46,15.75,220.73,Central
393,32,48,2023-08-07 22:27:27.912368,1184.67,Cash,Pending,42.12,49.11,15.32,492.38,North
394,175,82,2023-08-03 22:27:27.912369,460.3,UPI,Success,36.0,19.15,7.61,155.9,North
395,86,7,2023-06-19 22:27:27.912370,774.64,UPI,,29.84,8.89,13.2,303.86,Central
396,151,74,2023-09-25 22:27:27.912371,905.75,UPI,Pending,15.88,17.59,21.38,390.48,East
397,194,7,2023-07-07 22:27:27.912371,1162.74,Cash,Failed,24.17,22.01,36.64,377.09,West
398,127,33,2023-05-12 22:27:27.912372,1521.11,Cash,Pending,48.55,3.47,16.82,171.1,Central
399,155,23,2023-10-18 22:27:27.912373,206.76,Net Banking,Success,34.6,28.91,16.43,309.32,South
400,130,85,2023-07-05 22:27:27.912373,1780.41,Credit Card,Failed,30.4,29.88,14.25,436.92,Central
401,17,19,2022-12-24 22:27:27.912374,34.5,Credit Card,Failed,,36.95,23.91,17.57,North
402,104,19,2023-02-16 22:27:27.912375,746.4,Net Banking,Success,31.39,1.46,9.03,223.51,West
403,161,36,2023-09-29 22:27:27.912376,64.57,Net Banking,Failed,,27.06,24.28,119.89,South
404,137,29,2023-10-17 22:27:27.912377,792.02,UPI,Failed,39.17,2.65,35.21,200.43,West
405,43,60,2023-07-07 22:27:27.912377,1056.37,Net Banking,Failed,37.07,35.06,1.49,213.83,West
406,176,82,2023-11-17 22:27:27.912378,1028.25,Debit Card,Failed,13.69,2.79,0.49,375.87,South
407,39,2,2023-08-28 22:27:27.912379,339.6,Credit Card,Success,26.21,45.59,3.76,55.97,Central
408,170,1,2023-10-07 22:27:27.912379,1295.02,Net Banking,Success,26.26,35.1,26.78,261.17,Central
409,26,47,2023-06-22 22:27:27.912380,99.11,Debit Card,Failed,22.02,25.37,42.72,286.46,Central
410,99,69,2023-05-18 22:27:27.912381,1526.19,Debit Card,Failed,28.28,22.08,0.24,252.14,East
411,50,20,2022-12-26 22:27:27.912382,1893.82,Debit Card,Success,23.59,6.53,46.83,368.62,Central
412,153,11,2023-07-13 22:27:27.912382,686.14,Debit Card,Success,13.97,14.55,5.31,198.06,South
413,152,2,2023-06-25 22:27:27.912383,1039.31,UPI,Success,23.56,43.45,42.1,473.03,East
414,13,67,2023-04-08 22:27:27.912384,764.03,,Failed,8.25,45.22,24.14,246.08,Central
415,60,87,2023-09-28 22:27:27.912385,23.35,UPI,Failed,,0.04,32.97,289.89,East
416,135,12,2023-06-14 22:27:27.912385,777.89,UPI,Pending,,29.71,25.53,414.51,South
417,57,20,2023-10-18 22:27:27.912386,1585.52,Debit Card,Success,37.64,35.97,23.85,144.87,Central
418,36,5,2023-08-20 22:27:27.912387,1196.02,Credit Card,Failed,21.22,30.94,41.74,46.85,North
419,173,37,2023-04-24 22:27:27.912388,211.51,Debit Card,Success,8.92,4.08,37.79,356.81,South
420,20,38,2023-06-28 22:27:27.912388,1695.81,Debit Card,,,10.89,24.17,246.68,West
421,65,94,2023-08-09 22:27:27.912389,1066.86,Debit Card,Success,29.55,12.52,5.58,449.29,West
422,8,9,2023-07-10 22:27:27.912390,1685.03,Credit Card,,14.32,41.59,5.77,491.51,South
423,144,98,2023-07-09 22:27:27.912391,1164.64,Cash,Pending,29.48,23.16,40.08,205.56,West
424,142,53,2023-02-16 22:27:27.912391,1123.78,Cash,Pending,15.42,24.34,26.47,213.57,South
425,115,44,2023-07-16 22:27:27.912392,219.47,UPI,Success,43.2,46.74,24.08,209.9,North
426,143,99,2023-06-29 22:27:27.912393,343.05,UPI,Failed,22.88,31.85,34.03,169.03,South
427,92,86,2023-11-25 22:27:27.912394,1944.33,Credit Card,Failed,16.05,44.93,42.94,393.03,Central
428,98,24,2023-07-21 22:27:27.912394,464.69,Net Banking,Success,41.55,22.83,31.44,381.91,Central
429,66,81,2023-09-19 22:27:27.912396,1955.13,Cash,Failed,20.43,7.47,38.14,244.54,East
430,32,74,2023-09-20 22:27:27.912397,1068.51,UPI,,10.02,46.5,38.26,31.88,West
431,191,30,2023-03-27 22:27:27.912398,280.22,Cash,Failed,30.67,22.94,17.81,161.68,West
432,86,59,2023-03-23 22:27:27.912398,207.61,Credit Card,Success,31.17,9.08,13.7,153.23,South
433,51,87,2023-01-20 22:27:27.912399,425.64,,Failed,37.16,15.12,40.06,407.43,West
434,153,96,2023-02-18 22:27:27.912400,1852.02,Net Banking,Success,15.81,2.54,18.86,52.91,Central
435,186,81,2023-03-18 22:27:27.912401,834.16,Net Banking,Failed,24.97,23.42,45.17,404.78,North
436,63,81,2023-09-12 22:27:27.912402,796.91,Credit Card,Pending,17.71,42.66,3.48,337.9,South
437,190,14,2023-07-13 22:27:27.912402,633.28,UPI,Failed,8.64,46.68,2.91,368.9,West
438,125,9,2023-01-17 22:27:27.912403,302.65,Cash,Success,44.45,46.63,46.35,221.78,Central
439,150,40,2023-10-25 22:27:27.912404,980.82,Debit Card,Pending,37.8,6.26,32.42,343.07,East
440,58,66,2023-08-03 22:27:27.912405,268.8,Net Banking,Failed,18.57,19.1,18.98,308.42,West
441,58,25,2023-06-22 22:27:27.912405,1672.61,Debit Card,Pending,31.97,1.41,37.75,386.8,North
442,86,73,2023-04-09 22:27:27.912406,747.09,UPI,Failed,,42.76,33.62,228.92,North
443,49,22,2023-03-01 22:27:27.912407,755.86,Net Banking,Pending,45.06,17.94,26.56,241.68,West
444,180,4,2023-06-01 22:27:27.912408,953.27,Debit Card,Success,10.17,31.56,4.94,325.35,West
445,170,26,2023-02-07 22:27:27.912408,893.81,UPI,Failed,5.17,35.74,40.61,62.96,Central
446,70,58,2023-11-17 22:27:27.912409,1989.77,Cash,Failed,27.59,21.49,43.3,223.76,West
447,15,29,2023-09-29 22:27:27.912410,1095.31,UPI,Success,31.24,15.32,8.61,486.26,East
448,54,98,2023-05-02 22:27:27.912411,185.52,Net Banking,Pending,31.05,48.11,42.53,28.4,Central
449,188,87,2023-08-26 22:27:27.912411,1217.69,Credit Card,Success,7.45,48.22,43.89,164.84,South
450,101,37,2023-10-25 22:27:27.912412,311.65,Cash,,19.13,14.47,27.47,163.91,East
451,8,75,2023-02-21 22:27:27.912413,71.57,Debit Card,,27.46,23.98,32.81,320.4,Central
452,53,70,2023-06-22 22:27:27.912413,1941.78,Net Banking,Success,14.75,48.64,19.11,61.84,Central
453,60,18,2023-08-19 22:27:27.912414,1549.34,Credit Card,Failed,44.27,0.24,14.09,317.99,North
454,108,85,2023-10-31 22:27:27.912415,1960.42,UPI,Failed,8.92,20.63,36.1,56.57,Central
455,5,42,2023-04-18 22:27:27.912416,960.98,Credit Card,Failed,26.93,5.02,43.09,56.53,East
456,103,100,2023-04-21 22:27:27.912416,1069.19,Net Banking,Success,36.11,25.46,32.7,366.81,West
457,196,41,2022-12-18 22:27:27.912417,344.99,Net Banking,Failed,16.78,1.23,25.58,168.83,East
458,6,38,2023-06-25 22:27:27.912418,501.35,Credit Card,Failed,33.09,20.34,7.95,488.94,South
459,109,34,2023-09-24 22:27:27.912419,1678.71,UPI,,42.32,11.03,2.67,28.3,Central
460,116,17,2023-07-23 22:27:27.912420,718.81,Credit Card,Failed,13.57,26.67,22.28,228.1,Central
461,94,37,2022-12-18 22:27:27.912420,1655.36,,Failed,46.27,49.8,2.47,65.44,Central
462,47,25,2023-09-27 22:27:27.912421,1420.94,Net Banking,Failed,29.91,40.03,28.47,182.18,Central
463,99,76,2023-05-24 22:27:27.912422,362.57,Debit Card,Success,18.47,42.28,19.14,499.13,North
464,55,87,2023-03-12 22:27:27.912422,1019.82,Debit Card,Failed,24.39,31.76,37.86,445.53,North
465,168,86,2023-10-18 22:27:27.912423,1358.0,Cash,Failed,19.05,2.08,15.28,33.68,West
466,52,85,2023-01-24 22:27:27.912424,477.72,Net Banking,Pending,37.63,10.34,29.65,286.0,Central
467,144,27,2023-07-29 22:27:27.912425,1663.07,Debit Card,Success,40.83,46.25,26.88,327.43,South
468,13,57,2023-12-01 22:27:27.912426,1094.21,Credit Card,Success,,18.31,0.24,112.67,West
469,114,31,2023-11-09 22:27:27.912426,338.83,,Success,49.36,5.18,3.62,81.1,Central
470,124,6,2023-06-29 22:27:27.912427,1170.14,Credit Card,,40.61,35.12,14.52,453.15,North
471,106,91,2023-07-10 22:27:27.912428,1999.43,UPI,Failed,32.06,14.97,44.11,484.72,South
472,158,40,2023-03-17 22:27:27.912429,309.54,Debit Card,Failed,,13.44,7.35,496.03,West
473,147,98,2023-04-20 22:27:27.912429,1635.35,Cash,Pending,29.51,49.9,35.54,396.98,South
474,145,12,2023-05-20 22:27:27.912430,422.54,Credit Card,Pending,6.85,42.91,48.67,335.12,Central
475,120,53,2023-10-17 22:27:27.912431,1566.95,Credit Card,Success,38.52,20.4,39.53,179.41,East
476,63,71,2023-09-30 22:27:27.912432,1471.81,Credit Card,Pending,25.07,49.01,12.15,93.99,South
477,19,10,2023-02-09 22:27:27.912432,607.97,UPI,Pending,,32.51,45.42,48.7,South
478,92,45,2023-10-09 22:27:27.912433,658.39,Debit Card,Success,7.81,37.1,4.66,349.72,North
479,58,17,2023-03-22 22:27:27.912434,1587.12,,Success,22.44,1.58,23.41,394.51,Central
480,183,26,2022-12-29 22:27:27.912435,928.28,Credit Card,Pending,31.25,6.08,44.38,414.96,South
481,90,85,2023-01-14 22:27:27.912435,1464.33,Cash,,25.89,31.65,32.06,457.74,Central
482,117,92,2023-07-29 22:27:27.912436,304.49,Cash,Pending,32.86,44.95,20.68,441.17,North
483,62,62,2023-05-05 22:27:27.912437,1706.59,Debit Card,Pending,26.61,31.19,14.64,499.87,Central
484,23,46,2023-06-17 22:27:27.912438,1424.66,Debit Card,Failed,34.78,6.7,18.75,129.59,North
485,127,64,2023-03-23 22:27:27.912438,1814.82,Net Banking,Failed,14.86,5.79,25.45,384.02,North
486,137,2,2023-08-26 22:27:27.912439,273.42,Cash,Success,10.08,42.21,15.95,297.37,West
487,140,54,2023-05-11 22:27:27.912440,1190.1,,Success,31.84,6.97,48.45,138.01,Central
488,129,65,2023-02-18 22:27:27.912441,1202.25,UPI,Pending,26.81,26.01,46.65,491.13,East
489,58,51,2022-12-17 22:27:27.912441,713.39,Net Banking,Failed,6.21,1.86,43.53,449.97,West
490,122,53,2023-02-23 22:27:27.912442,922.35,Credit Card,Success,22.12,4.03,21.09,72.97,North
491,1,36,2023-08-12 22:27:27.912443,85.58,Net Banking,Pending,9.78,33.62,34.57,22.82,East
492,34,26,2023-03-17 22:27:27.912444,1494.26,,Failed,28.91,34.46,45.14,347.28,South
493,96,29,2023-07-09 22:27:27.912444,1103.15,UPI,Pending,22.81,17.07,42.52,306.02,South
494,126,21,2023-02-09 22:27:27.912445,124.9,Credit Card,Success,,10.78,20.72,468.55,West
495,118,11,2023-10-31 22:27:27.912446,1364.7,Net Banking,Success,,40.69,5.62,124.66,East
496,48,40,2023-01-07 22:27:27.912447,938.9,UPI,Failed,18.49,10.86,3.78,51.35,Central
497,89,11,2023-02-22 22:27:27.912447,78.58,UPI,Pending,48.29,27.1,28.85,137.02,East
498,117,36,2023-02-06 22:27:27.912448,1939.52,Credit Card,Failed,29.1,48.41,32.13,19.27,West
499,129,59,2023-01-29 22:27:27.912449,1898.73,Net Banking,Success,32.82,7.39,42.49,27.59,Central
500,16,39,2023-05-12 22:27:27.912450,1030.68,,Success,35.63,47.04,14.63,458.28,Central
501,189,99,2023-08-22 22:27:27.912451,196.41,UPI,Pending,35.0,9.14,8.37,182.49,South
502,192,54,2023-07-01 22:27:27.912451,1511.7,Cash,Pending,27.99,28.37,18.95,211.3,East
503,191,98,2023-08-07 22:27:27.912452,988.94,UPI,Pending,,18.85,17.68,19.0,Central
504,69,55,2023-10-12 22:27:27.912453,611.87,Cash,Failed,,48.25,6.62,142.56,West
505,22,24,2023-11-24 22:27:27.912453,987.92,Net Banking,Pending,,13.68,33.61,404.32,South
506,93,22,2023-07-14 22:27:27.912454,1049.66,Net Banking,Pending,21.11,19.98,25.43,311.59,Central
507,195,69,2023-07-23 22:27:27.912455,1129.8,Net Banking,Success,20.01,49.14,36.06,379.35,East
508,76,56,2023-12-03 22:27:27.912456,888.04,Debit Card,Success,22.45,26.82,17.63,229.13,South
509,154,33,2023-07-15 22:27:27.912456,1215.45,Net Banking,Pending,11.23,25.13,16.29,161.77,East
510,144,36,2023-11-06 22:27:27.912457,1838.28,UPI,Pending,38.22,12.89,23.63,246.58,East
511,179,20,2023-04-13 22:27:27.912458,730.91,Credit Card,Success,43.56,35.07,43.87,168.3,East
512,86,83,2023-03-02 22:27:27.912459,1454.18,Cash,Pending,47.24,0.72,2.01,421.1,South
513,185,99,2022-12-23 22:27:27.912459,1789.96,Debit Card,Failed,27.16,2.48,40.24,155.86,Central
514,29,81,2023-08-13 22:27:27.912461,917.4,Net Banking,Failed,36.54,29.97,18.45,333.28,North
515,69,62,2023-08-24 22:27:27.912462,892.48,Net Banking,Failed,43.5,17.08,42.73,77.12,Central
516,47,98,2023-08-10 22:27:27.912463,1208.21,Credit Card,,23.82,47.67,40.11,346.56,South
517,94,73,2023-12-01 22:27:27.912464,1186.9,Credit Card,,18.92,45.16,17.44,457.52,North
518,190,26,2022-12-11 22:27:27.912464,1615.11,,Pending,47.15,35.69,34.69,308.21,North
519,197,66,2023-04-02 22:27:27.912465,958.2,,Pending,28.21,40.91,7.98,284.33,North
520,144,73,2022-12-07 22:27:27.912466,1992.28,Net Banking,Success,27.38,33.37,44.81,480.95,West
521,176,73,2023-01-19 22:27:27.912466,128.35,Debit Card,Success,13.03,6.28,20.22,317.42,South
522,85,40,2023-08-07 22:27:27.912467,16.3,UPI,Success,9.87,38.28,22.78,137.18,West
523,39,17,2023-02-23 22:27:27.912468,1283.99,UPI,,42.89,10.51,35.29,153.27,North
524,100,1,2023-07-10 22:27:27.912469,603.89,Debit Card,,32.64,16.17,41.04,355.6,West
525,33,89,2023-09-13 22:27:27.912470,488.36,Net Banking,Success,19.66,40.96,11.82,370.36,West
526,101,61,2023-04-19 22:27:27.912470,630.68,Debit Card,Pending,13.63,26.83,33.07,158.71,South
527,23,43,2023-02-21 22:27:27.912471,519.53,Net Banking,Failed,30.0,43.0,19.6,179.22,East
528,10,42,2023-06-28 22:27:27.912472,71.27,Credit Card,Failed,31.28,10.65,18.44,495.62,West
529,69,25,2023-03-09 22:27:27.912473,1943.35,Debit Card,Success,14.31,30.39,34.5,59.96,West
530,100,39,2023-10-29 22:27:27.912473,449.28,Net Banking,Success,43.31,4.19,19.36,208.28,North
531,34,35,2023-04-24 22:27:27.912474,1470.72,Debit Card,Pending,8.79,32.15,17.31,40.6,North
532,180,3,2023-07-17 22:27:27.912475,1527.57,Debit Card,Success,21.02,38.13,41.79,412.33,North
533,138,44,2023-02-17 22:27:27.912476,1859.22,,Pending,35.62,29.25,5.06,55.25,Central
534,147,51,2023-07-08 22:27:27.912476,70.79,Net Banking,Success,17.34,13.31,33.79,340.26,West
535,186,94,2023-08-14 22:27:27.912477,1745.38,Cash,,42.25,1.57,12.44,37.68,North
536,96,98,2023-04-13 22:27:27.912478,1059.18,Debit Card,Pending,38.29,5.97,0.77,339.7,South
537,1,12,2023-10-01 22:27:27.912479,1268.76,UPI,,40.51,31.12,8.34,423.09,Central
538,69,19,2022-12-10 22:27:27.912479,1292.5,Debit Card,Pending,10.36,46.72,30.33,205.42,East
539,4,44,2022-12-30 22:27:27.912480,1641.4,Debit Card,Failed,11.32,10.33,35.46,265.84,West
540,16,59,2023-03-23 22:27:27.912481,673.48,,Pending,17.89,36.75,1.05,206.76,West
541,24,49,2023-04-01 22:27:27.912482,1468.77,Debit Card,Success,28.31,43.32,1.82,157.24,South
542,80,61,2023-01-09 22:27:27.912482,1061.87,Debit Card,Failed,38.66,26.04,45.13,403.6,East
543,2,17,2023-01-17 22:27:27.912483,1588.85,UPI,Failed,42.64,33.46,3.67,143.28,East
544,128,74,2023-06-09 22:27:27.912484,1981.19,Net Banking,Pending,36.7,40.75,44.71,364.24,Central
545,160,57,2023-05-30 22:27:27.912485,409.3,Debit Card,Failed,46.79,13.03,11.41,111.04,West
546,84,55,2023-07-05 22:27:27.912485,1989.35,Credit Card,Pending,38.24,14.84,37.0,132.43,North
547,152,47,2023-05-24 22:27:27.912486,188.73,Cash,Success,18.78,0.03,15.49,174.87,South
548,140,12,2023-01-29 22:27:27.912487,14.61,UPI,Pending,16.93,48.15,42.94,298.69,South
549,178,62,2023-03-19 22:27:27.912488,97.88,Debit Card,Failed,36.33,45.88,35.02,232.67,South
550,163,80,2023-07-16 22:27:27.912488,690.15,Credit Card,Success,13.68,38.23,20.09,375.12,South
551,124,88,2022-12-29 22:27:27.912489,1269.48,Debit Card,Pending,9.17,3.95,3.82,114.65,North
552,33,83,2023-01-24 22:27:27.912490,147.37,Debit Card,Success,28.95,22.38,36.64,15.23,North
553,161,8,2023-08-27 22:27:27.912491,21.27,Net Banking,Success,41.97,5.09,30.84,390.51,Central
554,189,95,2023-04-06 22:27:27.912492,1874.81,Net Banking,,9.56,0.8,0.15,412.61,West
555,179,21,2023-11-24 22:27:27.912492,1645.63,Net Banking,Success,40.64,30.81,0.47,39.15,North
556,171,81,2023-04-11 22:27:27.912493,1620.27,Credit Card,Failed,41.52,48.04,40.44,309.34,Central
557,101,87,2023-10-18 22:27:27.912494,1770.0,Debit Card,Success,26.7,45.14,12.97,195.32,East
558,12,80,2023-10-25 22:27:27.912494,1403.07,Cash,Pending,7.58,34.84,31.81,399.01,West
559,67,70,2023-06-23 22:27:27.912495,217.76,UPI,,12.86,4.83,22.71,438.46,North
560,65,72,2023-09-15 22:27:27.912496,804.21,Net Banking,Pending,36.83,13.71,43.17,426.99,East
561,161,25,2023-02-18 22:27:27.912497,1449.07,Net Banking,Pending,37.03,16.0,45.85,390.83,Central
562,168,82,2023-07-01 22:27:27.912497,567.87,Debit Card,Success,45.43,38.16,49.84,141.84,North
563,74,89,2023-05-04 22:27:27.912498,1377.94,,Pending,31.22,40.11,7.68,407.83,North
564,43,12,2023-07-01 22:27:27.912499,58.75,Credit Card,Success,10.58,19.26,43.15,271.4,East
565,44,15,2023-07-25 22:27:27.912500,619.21,Credit Card,Success,10.46,20.89,13.3,35.85,North
566,29,59,2023-09-30 22:27:27.912500,1102.77,Net Banking,Pending,37.45,2.23,29.54,233.9,South
567,141,26,2023-01-04 22:27:27.912501,1267.86,Debit Card,,13.27,14.46,25.29,471.66,North
568,12,26,2023-11-29 22:27:27.912502,1158.31,Cash,Failed,19.78,22.56,0.9,445.05,West
569,95,47,2023-11-22 22:27:27.912503,1398.53,,,26.92,5.85,46.64,60.11,East
570,46,32,2023-09-24 22:27:27.912503,22.12,Debit Card,Failed,6.11,22.66,3.92,374.62,West
571,130,10,2023-06-26 22:27:27.912504,210.87,Debit Card,Pending,16.2,42.66,34.41,404.84,Central
572,35,16,2023-10-01 22:27:27.912505,1739.2,Credit Card,Success,23.36,29.07,39.25,142.98,West
573,81,71,2022-12-24 22:27:27.912505,1366.68,UPI,Pending,17.58,3.95,39.76,241.09,South
574,90,17,2023-07-29 22:27:27.912506,234.73,Net Banking,Success,11.14,9.58,6.77,358.38,South
575,8,23,2023-05-14 22:27:27.912507,1685.73,Debit Card,Success,37.76,23.73,22.38,225.13,West
576,93,26,2023-03-05 22:27:27.912508,492.04,Net Banking,Success,,18.07,41.47,65.27,Central
577,154,85,2023-03-25 22:27:27.912509,961.74,,Failed,16.59,17.94,15.13,355.88,North
578,90,86,2023-03-15 22:27:27.912509,298.94,Net Banking,Pending,39.85,26.46,23.39,456.7,South
579,162,7,2023-11-11 22:27:27.912510,1423.12,,Success,22.35,29.22,13.64,329.72,West
580,115,14,2023-02-28 22:27:27.912511,1337.04,Credit Card,Success,27.8,39.84,23.18,389.16,West
581,105,79,2023-03-28 22:27:27.912512,430.11,,Failed,43.52,17.05,44.39,185.6,West
582,135,7,2023-01-30 22:27:27.912512,1728.17,Cash,Pending,38.75,40.27,22.76,99.77,North
583,196,9,2023-02-20 22:27:27.912513,808.6,Credit Card,Pending,41.23,16.93,27.8,324.96,East
584,58,48,2023-06-25 22:27:27.912514,592.11,UPI,Failed,11.16,2.77,20.2,170.61,Central
585,114,72,2023-09-02 22:27:27.912515,313.14,Cash,Failed,8.14,27.71,23.01,431.44,East
586,75,59,2023-03-11 22:27:27.912515,539.67,Debit Card,Pending,45.2,29.4,0.76,70.09,Central
587,157,87,2023-01-19 22:27:27.912516,53.83,Debit Card,Failed,22.45,46.73,14.19,222.4,Central
588,120,93,2023-08-18 22:27:27.912517,1170.68,Net Banking,Pending,17.95,36.3,21.83,204.4,West
589,164,82,2023-01-04 22:27:27.912518,1686.04,,,37.61,45.89,31.69,469.65,South
590,21,95,2023-01-30 22:27:27.912519,1102.47,Debit Card,Success,,45.42,22.5,85.04,West
591,164,94,2023-04-12 22:27:27.912519,446.36,Credit Card,Success,43.81,30.23,16.89,14.82,North
592,138,39,2023-11-11 22:27:27.912520,77.0,Debit Card,Pending,19.22,26.39,19.4,126.66,Central
593,101,99,2023-07-18 22:27:27.912521,437.11,Net Banking,Pending,43.35,27.87,12.11,411.94,South
594,152,18,2023-08-11 22:27:27.912522,838.08,UPI,Pending,6.84,48.92,46.22,112.57,Central
595,192,59,2023-11-11 22:27:27.912522,1521.63,Net Banking,Pending,7.23,38.66,26.09,128.03,Central
596,177,17,2023-09-18 22:27:27.912523,383.81,Cash,Pending,,5.31,0.67,73.65,West
597,99,14,2023-09-29 22:27:27.912524,1442.38,Debit Card,Pending,,38.92,0.97,360.56,South
598,36,31,2023-06-16 22:27:27.912525,1735.2,Cash,Failed,19.61,8.53,48.65,43.9,South
599,96,24,2023-11-24 22:27:27.912526,913.35,Cash,Pending,35.27,22.37,11.07,172.29,Central
600,152,99,2023-02-21 22:27:27.912527,1644.65,Credit Card,Failed,20.18,10.52,40.28,148.42,South
601,151,60,2023-07-31 22:27:27.912528,1113.77,Debit Card,Failed,13.08,34.48,2.91,282.03,South
602,190,45,2023-09-01 22:27:27.912528,1277.81,Cash,Pending,17.66,43.87,46.06,367.9,West
603,37,98,2023-09-05 22:27:27.912529,1057.29,UPI,Pending,25.59,14.52,43.72,271.11,East
604,12,3,2023-07-18 22:27:27.912530,931.71,Cash,Failed,26.39,4.1,28.55,466.2,North
605,113,37,2023-11-05 22:27:27.912531,476.96,UPI,Failed,40.24,14.92,0.45,476.21,East
606,183,43,2023-01-06 22:27:27.912531,613.36,,Pending,38.76,33.62,12.89,187.12,South
607,13,40,2023-11-16 22:27:27.912532,587.04,Cash,,25.56,16.44,20.34,391.06,Central
608,23,90,2023-07-13 22:27:27.912533,1130.94,,Failed,43.06,13.91,23.0,372.01,North
609,99,55,2023-01-24 22:27:27.912534,248.71,Credit Card,Failed,10.14,9.22,14.88,447.55,North
610,105,87,2023-06-29 22:27:27.912534,1834.42,UPI,Failed,16.49,24.88,1.65,229.49,Central
611,30,39,2022-12-22 22:27:27.912535,1444.1,Credit Card,Success,42.26,13.8,29.51,269.93,North
612,17,15,2023-10-24 22:27:27.912536,808.88,Cash,Failed,22.01,36.55,26.21,213.73,Central
613,113,4,2023-03-27 22:27:27.912537,325.66,Debit Card,Success,49.15,3.83,14.15,426.68,North
614,62,93,2023-07-29 22:27:27.912538,1765.16,,Pending,25.98,33.2,1.9,122.55,East
615,84,86,2023-10-07 22:27:27.912538,1649.32,UPI,Pending,40.64,11.88,49.73,127.46,North
616,112,25,2023-07-08 22:27:27.912539,1446.23,UPI,Failed,23.1,24.46,24.1,192.58,West
617,86,13,2023-02-22 22:27:27.912540,550.38,Debit Card,Pending,24.12,14.3,37.8,122.87,Central
618,141,82,2023-12-01 22:27:27.912541,810.87,UPI,Pending,,36.14,22.62,284.89,North
619,187,33,2023-03-15 22:27:27.912541,214.47,Credit Card,Pending,37.36,47.27,2.16,75.9,Central
620,19,16,2022-12-26 22:27:27.912542,386.19,Net Banking,,29.64,45.85,15.48,166.89,West
621,177,42,2023-07-29 22:27:27.912543,1568.2,Net Banking,,47.47,29.17,16.01,457.59,North
622,100,66,2023-03-14 22:27:27.912544,1432.93,,Success,16.29,23.13,41.92,210.52,North
623,140,55,2023-06-11 22:27:27.912544,1191.04,Net Banking,Failed,9.53,40.92,32.71,376.63,West
624,189,99,2023-03-28 22:27:27.912545,1792.5,Cash,,22.7,34.17,13.77,65.6,West
625,147,42,2023-10-11 22:27:27.912546,1170.7,Credit Card,Failed,32.75,9.18,48.39,131.31,West
626,76,34,2023-09-14 22:27:27.912547,939.27,,Pending,43.74,41.05,16.08,405.6,Central
627,9,30,2023-08-29 22:27:27.912547,687.34,Credit Card,Pending,20.58,21.44,49.91,383.87,West
628,199,13,2023-07-10 22:27:27.912548,1881.49,Debit Card,Success,34.42,9.45,49.81,199.22,Central
629,28,13,2023-01-11 22:27:27.912549,174.6,UPI,Success,20.76,14.09,9.56,477.65,East
630,128,18,2023-07-03 22:27:27.912550,1862.47,Debit Card,,32.77,13.38,15.64,456.22,North
631,52,32,2023-05-30 22:27:27.912550,1655.16,,Success,44.82,25.96,24.3,481.53,North
632,83,96,2023-03-18 22:27:27.912551,268.56,Net Banking,Success,15.41,11.72,33.21,219.68,South
633,111,99,2023-09-17 22:27:27.912552,1134.32,Credit Card,Success,23.19,6.18,26.4,106.76,East
634,144,39,2023-03-29 22:27:27.912553,1734.43,Cash,Success,49.7,6.18,48.47,317.06,West
635,117,46,2023-08-31 22:27:27.912553,1147.9,UPI,Success,44.09,29.16,36.2,345.54,West
636,69,29,2023-03-21 22:27:27.912554,1815.33,UPI,Failed,30.41,36.74,10.6,71.47,East
637,99,62,2023-03-21 22:27:27.912555,1886.54,Debit Card,Failed,28.25,16.08,5.25,395.38,West
638,140,93,2023-08-25 22:27:27.912556,850.55,,,17.81,1.73,34.42,18.85,South
639,25,62,2023-10-27 22:27:27.912557,760.85,Debit Card,Failed,28.27,6.36,7.92,246.54,Central
640,180,57,2023-03-08 22:27:27.912557,1873.28,,Pending,43.17,45.73,39.38,172.2,North
641,123,16,2023-08-27 22:27:27.912558,1353.53,Net Banking,Success,35.83,24.68,15.55,372.75,East
642,53,56,2022-12-12 22:27:27.912559,240.89,Cash,,18.05,22.68,16.34,163.25,North
643,151,10,2023-02-01 22:27:27.912560,94.16,Debit Card,,14.07,1.9,0.54,415.14,Central
644,144,30,2023-04-29 22:27:27.912560,1133.61,Debit Card,Failed,16.93,36.43,35.05,301.53,East
645,57,25,2023-02-01 22:27:27.912561,1861.04,UPI,Pending,12.64,26.4,5.66,399.01,Central
646,39,84,2023-08-04 22:27:27.912562,1690.05,Net Banking,Failed,9.3,10.1,38.64,494.78,West
647,109,5,2023-04-19 22:27:27.912563,1354.94,Credit Card,Success,23.86,5.5,24.59,342.79,West
648,181,65,2023-06-11 22:27:27.912563,286.84,Cash,Pending,10.1,19.17,39.21,492.63,West
649,42,94,2023-10-04 22:27:27.912564,515.92,Cash,Success,12.74,41.86,29.2,24.13,Central
650,186,49,2023-08-12 22:27:27.912565,1752.27,Net Banking,Pending,29.63,43.26,4.12,175.69,Central
651,167,3,2023-05-29 22:27:27.912565,373.79,UPI,Failed,12.41,30.14,38.28,62.85,Central
652,142,45,2023-10-05 22:27:27.912566,564.09,UPI,Pending,7.87,36.38,3.49,138.53,North
653,122,14,2023-03-25 22:27:27.912567,267.91,,,19.28,5.76,23.94,421.06,Central
654,133,30,2023-11-29 22:27:27.912568,1355.46,,Success,14.91,29.41,8.62,25.84,West
655,163,68,2023-07-04 22:27:27.912568,1888.52,Cash,Failed,28.19,33.35,37.62,264.89,South
656,75,18,2023-09-05 22:27:27.912569,545.25,Cash,Success,9.61,10.04,45.58,287.89,Central
657,146,62,2023-11-22 22:27:27.912570,956.06,Credit Card,Failed,,44.01,27.71,284.96,South
658,76,37,2023-04-21 22:27:27.912571,1272.34,Net Banking,Success,45.78,9.75,26.36,242.9,West
659,9,25,2023-09-11 22:27:27.912571,1998.94,Debit Card,Pending,38.45,15.67,38.2,397.4,Central
660,74,48,2023-07-26 22:27:27.912572,218.57,Debit Card,Success,28.98,31.03,0.25,75.44,North
661,186,65,2023-06-06 22:27:27.912573,1002.16,Credit Card,Failed,43.73,31.92,45.89,162.18,North
662,145,53,2023-10-05 22:27:27.912574,776.39,Credit Card,Failed,36.27,34.97,9.87,311.71,South
663,7,79,2023-05-01 22:27:27.912574,1732.98,,Pending,5.47,5.6,49.21,348.57,North
664,174,73,2023-04-04 22:27:27.912575,957.18,Credit Card,Failed,22.73,42.47,36.81,208.03,North
665,141,15,2023-04-20 22:27:27.912576,230.85,Credit Card,Success,43.29,26.64,38.71,438.93,North
666,168,49,2023-09-18 22:27:27.912577,1272.5,Debit Card,Pending,20.56,23.57,32.81,213.59,West
667,170,88,2023-07-10 22:27:27.912577,1543.85,UPI,,6.58,49.05,23.58,207.36,North
668,137,68,2023-07-21 22:27:27.912578,15.73,Credit Card,Failed,38.58,37.02,28.58,27.74,East
669,178,12,2023-01-26 22:27:27.912579,1719.32,Credit Card,Success,41.09,5.9,2.32,280.06,Central
670,27,59,2023-10-02 22:27:27.912580,380.19,UPI,Success,12.23,37.83,31.2,357.25,North
671,122,37,2023-11-23 22:27:27.912580,1108.62,Net Banking,Pending,29.18,4.76,31.3,66.07,North
672,194,61,2023-05-07 22:27:27.912581,837.44,UPI,Failed,13.64,1.37,44.56,159.66,North
673,5,43,2023-04-08 22:27:27.912582,1442.11,Debit Card,Success,37.37,20.18,25.28,392.82,East
674,29,70,2023-05-07 22:27:27.912584,748.61,Net Banking,,,49.68,3.86,189.3,North
675,165,39,2023-06-08 22:27:27.912584,1740.83,Cash,Failed,19.23,8.74,15.31,128.39,North
676,166,56,2023-01-02 22:27:27.912585,1463.69,,Failed,43.02,33.63,32.78,339.38,Central
677,83,63,2023-06-16 22:27:27.912586,1298.95,Debit Card,Pending,26.43,8.67,11.96,106.41,East
678,136,46,2023-06-29 22:27:27.912587,1594.52,,Pending,35.14,36.24,14.03,448.87,East
679,109,88,2023-06-25 22:27:27.912587,1510.51,UPI,,23.11,25.27,41.02,61.74,North
680,65,11,2023-06-01 22:27:27.912588,81.52,Credit Card,Failed,18.41,34.0,29.22,356.21,East
681,86,62,2023-05-29 22:27:27.912589,795.52,UPI,Failed,33.15,10.14,25.43,254.78,South
682,145,77,2023-02-01 22:27:27.912590,1862.31,Cash,Failed,11.97,37.28,15.92,436.27,East
683,71,98,2023-03-25 22:27:27.912590,260.19,UPI,Pending,21.78,49.78,36.55,71.84,East
684,45,25,2023-06-06 22:27:27.912591,1476.82,Net Banking,Success,14.41,33.28,14.39,342.17,East
685,132,71,2023-08-11 22:27:27.912593,1949.44,Net Banking,Failed,36.31,24.67,36.85,290.31,West
686,36,52,2023-02-27 22:27:27.912594,113.88,UPI,Pending,47.49,46.16,3.51,245.24,West
687,70,4,2023-05-24 22:27:27.912594,1367.57,Net Banking,Failed,49.8,0.79,43.23,250.79,West
688,159,59,2023-11-02 22:27:27.912595,941.63,Credit Card,Success,25.26,36.5,24.98,363.77,East
689,19,72,2023-10-15 22:27:27.912596,1162.56,UPI,,16.36,44.44,21.93,469.49,South
690,189,20,2023-08-16 22:27:27.912597,179.83,Credit Card,Success,24.93,3.08,30.55,54.71,East
691,108,93,2023-03-29 22:27:27.912597,95.58,Credit Card,Success,43.13,22.5,31.21,19.56,North
692,182,63,2023-09-15 22:27:27.912598,1337.06,Debit Card,,14.27,10.24,6.6,404.8,South
693,167,54,2023-04-18 22:27:27.912599,1648.39,UPI,Failed,,28.33,37.81,63.0,West
694,91,74,2023-04-23 22:27:27.912600,1566.21,Net Banking,Success,20.38,32.48,13.8,493.48,Central
695,90,98,2023-04-17 22:27:27.912600,1092.17,Credit Card,,49.36,15.13,45.25,313.48,South
696,19,57,2023-04-29 22:27:27.912601,208.73,Debit Card,Success,42.74,23.0,40.89,328.92,West
697,39,90,2023-10-25 22:27:27.912602,1379.21,UPI,,41.39,13.97,17.31,107.46,South
698,126,41,2023-11-15 22:27:27.912603,491.36,UPI,Failed,19.31,18.47,40.39,127.75,South
699,195,3,2023-10-25 22:27:27.912603,1823.03,Cash,Pending,5.39,7.98,17.82,333.08,East
700,173,6,2023-08-15 22:27:27.912604,1678.15,Cash,Success,22.2,44.28,5.05,455.77,North
701,141,5,2023-08-23 22:27:27.912605,1421.67,Credit Card,Success,18.58,0.5,48.09,491.37,Central
702,126,5,2023-05-28 22:27:27.912606,1898.2,Cash,Success,6.68,44.12,32.63,107.04,West
703,58,54,2023-11-19 22:27:27.912606,72.53,Credit Card,Failed,27.74,28.58,22.8,75.72,South
704,148,47,2023-08-08 22:27:27.912607,1475.04,Net Banking,Success,23.14,16.58,19.89,37.64,Central
705,200,87,2023-07-30 22:27:27.912608,667.18,Credit Card,Pending,33.56,36.15,16.24,435.47,South
706,61,49,2023-07-29 22:27:27.912609,1813.07,Cash,Failed,32.95,25.39,49.07,154.41,North
707,127,9,2023-10-07 22:27:27.912609,540.68,Net Banking,Failed,10.43,24.96,6.74,10.89,Central
708,105,99,2023-10-19 22:27:27.912610,1452.46,Cash,,48.96,5.51,15.74,119.67,West
709,167,20,2023-11-07 22:27:27.912611,1756.52,Credit Card,Pending,13.41,19.48,24.27,176.82,South
710,1,61,2023-08-31 22:27:27.912612,92.9,Debit Card,Failed,,12.05,23.9,495.58,North
711,131,35,2023-11-26 22:27:27.912612,801.32,UPI,Failed,26.97,0.78,23.57,266.54,Central
712,92,50,2023-04-08 22:27:27.912613,1526.99,Cash,Success,41.59,18.0,8.79,110.31,South
713,190,82,2023-01-26 22:27:27.912614,915.29,Credit Card,Success,9.47,4.49,7.25,174.06,South
714,191,62,2023-04-18 22:27:27.912615,541.83,Net Banking,Pending,24.29,12.84,12.74,171.85,West
715,113,17,2023-03-04 22:27:27.912615,447.41,Cash,Success,33.28,4.63,45.73,19.67,North
716,153,88,2023-02-25 22:27:27.912616,271.72,,Pending,14.68,5.05,5.65,76.24,East
717,56,3,2023-05-17 22:27:27.912617,1715.69,UPI,Failed,33.24,9.95,37.87,350.65,South
718,161,32,2023-04-03 22:27:27.912618,1154.96,Credit Card,Pending,46.56,49.99,37.88,68.92,Central
719,166,99,2023-02-19 22:27:27.912618,162.01,Debit Card,Pending,49.89,0.11,40.49,123.06,West
720,117,13,2023-03-17 22:27:27.912619,771.33,Net Banking,Pending,6.46,31.93,44.33,181.86,West
721,134,89,2023-05-06 22:27:27.912620,741.79,Credit Card,Failed,15.6,7.06,13.15,381.29,South
722,58,73,2023-05-20 22:27:27.912621,371.66,Net Banking,Success,,46.03,11.23,295.38,South
723,44,68,2023-09-18 22:27:27.912622,876.66,Cash,Failed,22.96,4.68,23.28,347.61,South
724,173,14,2022-12-28 22:27:27.912622,670.88,UPI,Success,15.9,47.75,13.25,287.84,East
725,160,98,2022-12-27 22:27:27.912623,690.19,UPI,Pending,14.16,30.55,36.72,344.96,South
726,173,11,2023-06-16 22:27:27.912624,1480.66,Debit Card,Pending,47.95,0.06,31.8,11.39,North
727,61,56,2023-09-28 22:27:27.912625,454.29,,Pending,46.33,44.7,43.75,466.14,Central
728,47,67,2023-09-10 22:27:27.912625,1287.3,Cash,Pending,7.11,26.09,4.14,64.35,South
729,149,92,2023-08-27 22:27:27.912626,1145.59,Debit Card,Pending,,13.13,45.75,209.06,East
730,80,29,2023-11-28 22:27:27.912627,1140.5,Credit Card,Success,,38.36,14.67,387.81,Central
731,118,9,2023-01-07 22:27:27.912628,1329.38,UPI,Success,15.76,46.33,24.53,223.26,West
732,164,67,2023-05-20 22:27:27.912628,1101.28,Debit Card,Pending,33.3,24.18,21.93,473.95,South
733,147,25,2023-09-10 22:27:27.912629,1759.72,Cash,Failed,33.82,15.78,38.02,239.12,Central
734,20,98,2023-10-24 22:27:27.912630,1354.4,Net Banking,,43.27,39.45,21.02,438.72,West
735,185,76,2023-08-19 22:27:27.912631,1098.46,Net Banking,Pending,38.34,34.09,47.18,407.31,East
736,146,42,2023-07-07 22:27:27.912631,1661.23,Cash,,,44.44,45.13,490.68,North
737,47,9,2023-11-19 22:27:27.912632,1216.23,Cash,Failed,34.41,34.63,43.61,464.01,South
738,49,79,2023-07-26 22:27:27.912633,589.38,Net Banking,,17.33,12.18,3.56,450.08,North
739,14,40,2023-07-11 22:27:27.912634,422.12,Debit Card,Failed,31.69,46.58,42.71,368.49,East
740,143,25,2023-03-04 22:27:27.912634,313.13,Net Banking,Pending,27.02,5.24,39.08,189.83,Central
741,159,5,2023-04-18 22:27:27.912635,1799.92,Cash,Failed,,13.4,5.18,62.0,Central
742,1,11,2023-01-26 22:27:27.912636,1423.17,UPI,Failed,15.91,26.01,5.37,347.44,East
743,117,59,2023-04-22 22:27:27.912637,1875.38,Credit Card,Failed,18.13,28.29,5.06,489.54,East
744,54,98,2023-07-20 22:27:27.912637,1210.55,UPI,Failed,46.59,0.77,0.57,366.04,South
745,118,88,2023-05-09 22:27:27.912638,952.07,,Success,15.37,39.03,27.43,465.08,West
746,3,79,2023-11-08 22:27:27.912639,128.84,Cash,,18.02,18.08,48.67,404.11,North
747,144,38,2023-10-16 22:27:27.912640,1346.57,Net Banking,Pending,21.62,20.32,21.93,89.93,North
748,185,72,2023-03-20 22:27:27.912640,1168.6,Debit Card,Success,34.87,40.47,27.04,132.11,Central
749,12,5,2023-03-20 22:27:27.912641,1980.52,UPI,Success,10.32,18.96,48.4,177.51,Central
750,74,48,2022-12-21 22:27:27.912642,485.93,Net Banking,Pending,47.93,2.36,12.76,92.45,South
751,16,90,2022-12-19 22:27:27.912643,1066.17,Debit Card,Failed,43.95,8.82,42.92,295.01,East
752,200,18,2023-11-28 22:27:27.912643,1305.41,,Failed,30.97,47.8,27.32,487.97,North
753,102,70,2023-01-20 22:27:27.912644,1292.74,Debit Card,Pending,35.33,3.52,28.47,383.11,South
754,152,37,2023-07-21 22:27:27.912645,1126.97,Net Banking,,5.75,17.75,17.16,217.46,Central
755,156,60,2023-10-29 22:27:27.912646,1556.09,Credit Card,Success,,25.16,28.08,12.21,Central
756,117,48,2023-08-17 22:27:27.912646,417.91,Net Banking,Failed,40.8,24.66,3.66,163.51,North
757,8,77,2023-04-30 22:27:27.912647,1454.0,,Failed,,0.2,38.23,268.11,Central
758,122,28,2023-01-03 22:27:27.912648,1243.27,Debit Card,Failed,17.7,25.06,14.23,168.88,Central
759,92,69,2023-04-27 22:27:27.912649,1793.19,,Pending,31.34,19.19,44.38,64.41,West
760,164,77,2023-07-23 22:27:27.912649,1695.92,Debit Card,Success,16.54,48.6,18.39,226.95,East
761,90,81,2023-03-25 22:27:27.912650,637.14,Debit Card,Failed,47.03,7.96,7.14,134.09,Central
762,136,40,2022-12-11 22:27:27.912651,559.71,UPI,Pending,,17.71,34.79,455.52,West
763,186,45,2023-01-11 22:27:27.912652,1963.49,,Failed,40.88,20.97,8.23,59.86,South
764,60,96,2023-10-18 22:27:27.912652,1059.26,Debit Card,Success,27.86,19.53,37.68,34.08,Central
765,178,62,2023-02-17 22:27:27.912653,1813.78,Net Banking,Failed,38.76,33.29,48.41,12.6,South
766,28,93,2023-01-16 22:27:27.912654,336.12,Net Banking,Success,18.98,10.78,38.98,170.75,Central
767,101,58,2023-09-19 22:27:27.912655,1289.21,,Failed,,11.05,1.12,333.59,North
768,41,67,2023-08-23 22:27:27.912655,1621.62,Cash,,43.56,36.46,29.99,367.9,West
769,192,56,2023-06-20 22:27:27.912657,1895.32,Cash,,26.01,25.01,34.77,232.1,West
770,155,40,2023-05-03 22:27:27.912658,681.31,Net Banking,,21.19,20.76,41.27,345.32,North
771,191,98,2023-08-09 22:27:27.912659,1452.71,Credit Card,Failed,29.13,8.46,2.8,186.36,East
772,145,40,2023-05-30 22:27:27.912659,1082.24,UPI,Failed,37.28,9.38,24.01,337.23,West
773,161,91,2023-03-26 22:27:27.912660,130.65,UPI,Pending,24.96,0.53,26.77,29.89,South
774,157,77,2023-03-15 22:27:27.912661,1383.1,Net Banking,Pending,47.25,4.57,8.46,201.47,West
775,141,33,2023-07-10 22:27:27.912662,1383.29,Net Banking,Success,18.27,27.84,16.12,397.52,East
776,46,6,2023-06-25 22:27:27.912662,1861.91,,Failed,26.4,44.59,22.01,403.47,South
777,35,88,2023-07-19 22:27:27.912663,999.65,Credit Card,Success,39.06,14.36,41.66,360.91,South
778,134,19,2022-12-24 22:27:27.912664,468.2,,Pending,36.01,16.39,46.47,110.08,North
779,82,80,2023-03-23 22:27:27.912665,98.68,UPI,Success,43.86,5.78,31.42,131.13,Central
780,115,40,2023-03-12 22:27:27.912665,837.13,UPI,Success,,19.43,19.75,498.08,North
781,197,92,2023-06-08 22:27:27.912666,610.81,,Pending,24.21,1.86,12.7,60.66,Central
782,47,97,2023-06-29 22:27:27.912667,1524.57,,Failed,10.0,45.88,49.11,98.52,North
783,153,59,2022-12-20 22:27:27.912668,714.99,UPI,Success,6.37,33.66,49.15,73.71,Central
784,194,59,2023-02-21 22:27:27.912668,1898.65,Cash,Pending,,49.54,46.25,170.55,West
785,10,48,2023-02-21 22:27:27.912669,1925.0,Cash,Failed,44.33,44.14,39.28,112.99,South
786,56,41,2023-04-24 22:27:27.912670,1245.61,Net Banking,Pending,14.93,23.65,16.29,253.87,Central
787,30,13,2023-11-25 22:27:27.912671,1858.03,Cash,Success,12.13,25.98,40.85,243.25,West
788,109,45,2023-11-26 22:27:27.912671,1524.1,Credit Card,Failed,,9.53,20.44,451.74,East
789,5,89,2023-03-10 22:27:27.912672,1098.25,Credit Card,Failed,42.02,23.1,16.34,27.02,North
790,119,53,2023-03-08 22:27:27.912673,368.81,Debit Card,Pending,,45.15,37.24,166.74,East
791,33,42,2023-06-06 22:27:27.912674,922.61,Net Banking,Pending,,2.54,3.98,302.36,West
792,118,100,2023-07-06 22:27:27.912674,1126.14,Debit Card,Pending,27.62,43.18,2.43,306.35,East
793,65,63,2023-01-25 22:27:27.912675,1729.28,Credit Card,Failed,42.78,17.05,22.4,245.26,East
794,146,27,2023-01-06 22:27:27.912676,967.85,,Failed,34.29,44.98,22.28,409.68,West
795,177,38,2023-08-04 22:27:27.912677,1796.37,Net Banking,Success,32.68,47.04,44.78,40.73,South
796,11,60,2023-08-14 22:27:27.912677,1351.95,Net Banking,Failed,12.91,33.54,6.31,409.59,Central
797,85,7,2023-03-03 22:27:27.912678,282.63,Cash,Success,28.09,33.22,6.16,252.43,North
798,26,5,2023-05-07 22:27:27.912679,1990.01,,Pending,,22.64,7.37,75.54,Central
799,63,45,2023-06-17 22:27:27.912680,1059.19,Cash,,48.8,41.78,1.49,443.99,North
800,86,58,2023-02-21 22:27:27.912680,789.8,Net Banking,Failed,14.06,48.08,3.59,328.12,Central
801,59,31,2023-06-15 22:27:27.912681,1321.64,Credit Card,Pending,5.43,38.75,32.99,90.14,East
802,27,23,2023-08-15 22:27:27.912682,226.7,Credit Card,Pending,8.39,31.1,21.58,26.49,South
803,177,42,2023-08-06 22:27:27.912683,1276.71,Cash,Failed,21.91,30.34,38.18,79.14,East
804,161,10,2023-11-04 22:27:27.912683,1001.49,Net Banking,Success,41.92,42.47,49.63,308.31,South
805,98,32,2023-04-28 22:27:27.912684,819.28,Credit Card,Failed,5.32,27.06,32.95,97.86,West
806,105,53,2023-08-09 22:27:27.912685,1906.51,Net Banking,Success,25.55,40.19,2.52,120.62,North
807,99,30,2023-10-28 22:27:27.912686,1049.85,Credit Card,Failed,19.82,25.44,5.23,22.32,North
808,129,39,2023-03-13 22:27:27.912686,446.04,Net Banking,Failed,7.36,3.12,44.05,364.24,West
809,149,31,2023-04-17 22:27:27.912687,923.34,Debit Card,Pending,25.26,19.2,26.37,407.08,Central
810,55,82,2023-11-18 22:27:27.912688,1839.58,Net Banking,Failed,16.46,22.22,41.24,400.46,West
811,6,100,2023-07-10 22:27:27.912688,360.43,Net Banking,Failed,20.83,7.08,42.83,72.51,West
812,197,2,2023-07-10 22:27:27.912689,435.77,Cash,Success,36.75,5.12,46.38,452.62,South
813,95,78,2023-08-02 22:27:27.912690,35.93,Debit Card,Pending,28.47,26.77,47.49,339.42,West
814,133,77,2023-02-07 22:27:27.912691,38.24,UPI,Success,10.61,4.26,27.74,449.79,North
815,102,93,2022-12-11 22:27:27.912691,1660.49,Cash,Success,48.26,15.15,17.05,229.11,East
816,3,12,2023-04-12 22:27:27.912692,1466.92,UPI,Pending,33.62,37.23,48.09,224.11,South
817,181,39,2023-07-24 22:27:27.912693,716.53,Credit Card,Pending,39.46,48.22,27.37,394.42,South
818,23,66,2023-07-08 22:27:27.912694,1399.64,UPI,Pending,8.56,35.89,3.21,55.72,Central
819,53,96,2023-04-14 22:27:27.912699,796.46,Net Banking,Failed,7.12,49.63,32.14,265.23,East
820,165,13,2023-04-26 22:27:27.912700,1906.26,UPI,Pending,5.88,34.92,29.38,419.83,South
821,83,46,2023-05-17 22:27:27.912702,1934.43,Cash,Pending,13.5,14.69,44.79,416.79,West
822,145,27,2023-03-25 22:27:27.912703,791.66,Cash,,23.65,33.6,32.66,478.51,South
823,85,17,2023-09-11 22:27:27.912704,1709.9,UPI,Success,47.11,35.11,17.45,352.15,South
824,78,95,2023-07-09 22:27:27.912705,1548.45,Cash,Success,25.57,18.59,48.31,111.81,South
825,110,98,2023-04-15 22:27:27.912705,626.9,Cash,Failed,,0.89,40.08,19.94,Central
826,1,60,2022-12-26 22:27:27.912706,471.76,UPI,Success,,35.16,31.52,244.91,South
827,51,64,2023-11-14 22:27:27.912707,921.89,Debit Card,Failed,10.04,1.09,14.65,261.71,South
828,173,88,2022-12-23 22:27:27.912707,1564.88,Debit Card,Success,32.43,31.56,18.68,127.73,Central
829,4,35,2023-02-24 22:27:27.912708,1920.73,Credit Card,Pending,30.58,8.18,33.5,71.1,East
830,190,70,2023-03-12 22:27:27.912709,1529.52,Cash,Success,40.64,28.28,3.6,297.24,North
831,193,83,2023-03-23 22:27:27.912710,1711.86,UPI,Failed,49.4,25.2,12.83,384.49,Central
832,113,30,2023-11-07 22:27:27.912711,1210.1,Cash,Success,16.29,0.68,35.7,496.65,Central
833,32,71,2023-05-07 22:27:27.912711,1672.46,,Pending,,18.14,24.0,381.57,South
834,34,74,2023-02-26 22:27:27.912712,1571.0,Cash,Failed,45.9,30.05,20.12,398.88,South
835,92,96,2023-10-17 22:27:27.912713,760.2,Cash,Pending,40.33,42.43,7.57,312.07,North
836,95,98,2023-09-02 22:27:27.912714,1108.46,,Pending,,44.43,22.09,493.1,South
837,72,63,2023-09-09 22:27:27.912714,1611.46,UPI,Failed,47.54,24.19,38.53,323.58,West
838,39,28,2023-10-23 22:27:27.912715,101.65,Cash,Pending,7.58,36.42,13.2,431.52,South
839,154,60,2023-03-03 22:27:27.912716,1618.08,Debit Card,Pending,46.89,15.82,0.27,473.43,South
840,162,79,2023-06-18 22:27:27.912717,364.0,Credit Card,Success,7.27,17.11,33.43,465.63,West
841,182,94,2023-05-31 22:27:27.912717,1034.22,Debit Card,Pending,29.63,9.72,48.63,196.89,North
842,118,37,2022-12-18 22:27:27.912718,1618.47,Debit Card,Pending,,28.1,30.34,48.54,West
843,3,93,2023-06-05 22:27:27.912719,515.1,Debit Card,,16.82,15.73,6.0,94.22,Central
844,123,22,2023-12-03 22:27:27.912720,499.16,Cash,Pending,26.25,4.22,16.04,39.02,West
845,50,68,2023-05-29 22:27:27.912720,811.5,Cash,Failed,,34.25,43.38,61.64,East
846,12,20,2023-08-10 22:27:27.912721,1790.34,Credit Card,,47.85,35.39,11.63,100.48,Central
847,193,96,2023-11-17 22:27:27.912722,10.88,Net Banking,Pending,42.06,18.0,30.38,177.14,South
848,54,100,2023-11-13 22:27:27.912722,1803.75,Net Banking,Pending,36.91,3.84,20.13,276.33,Central
849,133,68,2023-11-06 22:27:27.912723,316.08,Net Banking,,31.44,21.31,10.39,358.72,North
850,57,91,2023-02-14 22:27:27.912724,1980.27,Credit Card,Pending,41.93,22.12,40.67,113.35,North
851,145,64,2023-08-20 22:27:27.912725,1910.15,Net Banking,Failed,22.65,33.43,37.14,339.54,West
852,112,17,2023-02-28 22:27:27.912725,994.4,Net Banking,Success,25.14,15.77,33.08,355.09,Central
853,47,12,2023-07-31 22:27:27.912726,1030.31,Debit Card,Success,,34.13,11.82,283.72,South
854,151,22,2023-04-21 22:27:27.912728,968.28,Cash,Pending,21.1,43.57,4.89,452.77,North
855,85,17,2023-08-17 22:27:27.912729,1274.53,Cash,Pending,7.88,11.87,28.81,64.39,South
856,142,10,2023-07-23 22:27:27.912730,190.54,Debit Card,Pending,,48.95,27.68,96.79,East
857,66,65,2022-12-09 22:27:27.912730,74.91,Debit Card,Failed,10.19,19.32,9.42,220.05,North
858,75,22,2023-06-03 22:27:27.912731,124.83,Debit Card,Pending,44.14,13.36,2.81,72.09,West
859,179,90,2023-07-15 22:27:27.912732,894.29,Cash,Pending,26.25,21.08,4.04,287.49,East
860,103,82,2023-09-25 22:27:27.912733,558.34,Net Banking,Success,,4.72,49.64,205.22,Central
861,166,50,2023-07-30 22:27:27.912733,1247.86,Debit Card,Pending,22.68,6.29,39.18,149.45,South
862,192,14,2022-12-07 22:27:27.912734,1984.96,Credit Card,Success,,20.72,46.1,93.3,North
863,38,64,2023-03-20 22:27:27.912735,778.78,Debit Card,Pending,20.62,38.12,9.75,174.32,East
864,50,47,2023-12-03 22:27:27.912736,1151.94,UPI,Success,40.74,45.02,48.03,307.9,East
865,98,29,2023-08-24 22:27:27.912737,837.05,Debit Card,Pending,33.13,33.24,7.13,292.13,North
866,82,76,2023-04-26 22:27:27.912737,1696.07,Cash,Success,47.19,5.26,25.45,90.18,Central
867,30,36,2023-01-20 22:27:27.912738,1805.45,Debit Card,Failed,35.59,33.6,41.48,71.21,Central
868,79,99,2022-12-09 22:27:27.912739,1755.94,UPI,Success,30.66,31.77,17.49,23.07,West
869,91,52,2022-12-17 22:27:27.912740,1949.0,Credit Card,Success,32.46,40.29,21.24,16.09,Central
870,179,76,2023-11-26 22:27:27.912740,64.76,Net Banking,Success,47.41,41.26,6.41,441.11,West
871,191,7,2023-02-07 22:27:27.912741,1681.23,Debit Card,Pending,40.47,43.41,6.15,32.09,East
872,52,29,2023-04-19 22:27:27.912742,1506.03,UPI,Pending,6.08,20.71,30.98,368.3,North
873,166,11,2023-05-01 22:27:27.912743,465.1,UPI,Pending,29.04,34.89,33.78,437.27,Central
874,79,33,2023-10-01 22:27:27.912743,1913.08,Credit Card,Failed,35.98,13.41,38.87,58.05,West
875,30,6,2023-08-16 22:27:27.912744,304.87,Cash,Failed,38.69,49.97,27.83,223.79,East
876,106,79,2023-11-23 22:27:27.912745,1362.3,Debit Card,Success,14.59,8.77,32.29,481.53,Central
877,51,32,2023-09-11 22:27:27.912746,457.53,,Failed,44.02,0.51,0.68,418.73,South
878,81,51,2023-04-16 22:27:27.912746,868.45,Credit Card,Success,48.01,7.44,8.11,249.95,East
879,133,75,2023-09-07 22:27:27.912747,1441.13,Net Banking,Success,15.65,38.79,49.25,383.66,Central
880,29,58,2023-01-26 22:27:27.912748,1131.02,UPI,Success,44.72,22.34,3.8,418.36,East
881,132,87,2023-10-13 22:27:27.912749,860.73,Credit Card,Failed,9.36,22.38,33.94,180.53,North
882,138,26,2023-11-24 22:27:27.912749,659.41,Cash,Pending,7.51,47.75,8.8,447.15,North
883,184,98,2023-05-11 22:27:27.912750,1680.92,Cash,Failed,10.82,45.98,35.84,240.53,North
884,145,46,2023-11-22 22:27:27.912751,296.19,,Success,7.6,15.56,35.3,268.63,South
885,74,98,2023-08-07 22:27:27.912751,865.9,UPI,Success,43.03,10.45,11.71,499.86,North
886,17,29,2023-11-16 22:27:27.912752,1808.48,Debit Card,Failed,7.66,42.42,13.48,423.22,South
887,84,4,2023-09-22 22:27:27.912753,1693.24,Credit Card,Success,17.22,45.3,32.74,187.27,North
888,69,81,2023-04-07 22:27:27.912754,807.87,UPI,Success,9.67,27.08,19.5,15.07,East
889,34,99,2023-04-27 22:27:27.912754,1528.59,Debit Card,Failed,18.29,31.47,9.73,316.83,Central
890,6,13,2023-09-27 22:27:27.912755,1648.09,,Failed,9.08,12.85,36.58,354.92,Central
891,53,39,2023-01-28 22:27:27.912756,1778.89,UPI,Failed,35.06,40.04,7.71,328.89,North
892,194,15,2023-05-09 22:27:27.912757,1093.57,Cash,Success,11.0,31.61,42.78,484.25,Central
893,126,29,2023-08-27 22:27:27.912757,416.88,Credit Card,Success,43.33,25.18,25.73,432.86,North
894,43,29,2023-06-03 22:27:27.912758,518.07,Credit Card,Pending,41.77,3.01,5.29,229.93,North
895,115,75,2023-07-27 22:27:27.912759,598.43,Cash,Pending,5.61,45.8,34.7,40.8,West
896,111,32,2023-08-17 22:27:27.912760,1191.67,UPI,Failed,,30.77,25.96,243.27,West
897,151,2,2023-07-27 22:27:27.912761,75.29,Credit Card,Pending,,9.63,14.9,347.73,West
898,183,47,2023-11-16 22:27:27.912761,1275.72,UPI,Success,15.78,30.32,21.13,307.78,South
899,80,78,2023-11-12 22:27:27.912762,735.06,UPI,Pending,6.46,33.87,14.92,273.69,West
900,95,84,2023-04-23 22:27:27.912763,597.53,Debit Card,Success,20.11,26.29,13.15,239.72,North
901,118,22,2023-07-05 22:27:27.912764,1760.2,Cash,,28.12,35.91,8.18,153.94,East
902,144,75,2023-02-16 22:27:27.912764,925.4,UPI,Failed,40.85,29.07,18.14,145.9,West
903,8,27,2023-04-20 22:27:27.912765,199.16,Net Banking,Success,20.21,47.39,12.55,255.11,West
904,132,67,2023-01-30 22:27:27.912766,1655.23,Cash,Pending,36.75,2.68,34.17,88.7,East
905,104,81,2022-12-12 22:27:27.912767,104.81,Credit Card,Failed,13.44,5.31,34.19,176.94,North
906,132,56,2023-05-18 22:27:27.912767,1456.23,Debit Card,Failed,,8.68,25.09,168.75,South
907,184,92,2023-10-29 22:27:27.912768,1550.07,Credit Card,Pending,15.62,34.51,38.9,297.7,West
908,25,93,2023-03-21 22:27:27.912769,711.68,Credit Card,Pending,,32.28,42.07,42.67,East
909,195,21,2023-06-01 22:27:27.912770,1651.33,Cash,Success,13.34,44.6,28.99,416.54,North
910,96,47,2023-10-10 22:27:27.912770,1036.16,,Pending,13.19,36.64,30.95,285.57,Central
911,195,80,2023-11-16 22:27:27.912771,931.95,UPI,Pending,28.08,25.42,14.14,338.71,South
912,155,59,2023-03-08 22:27:27.912772,100.35,Credit Card,Pending,43.02,49.59,44.74,354.52,East
913,93,84,2023-08-09 22:27:27.912773,587.16,,Success,8.58,13.31,1.21,152.83,East
914,160,6,2023-09-26 22:27:27.912775,1862.71,Debit Card,Success,36.81,41.66,17.43,240.48,East
915,178,19,2023-12-02 22:27:27.912775,789.73,Net Banking,Failed,34.45,21.34,36.09,478.56,West
916,61,57,2023-04-29 22:27:27.912776,1097.93,Debit Card,,44.26,32.44,4.0,385.69,Central
917,122,69,2023-11-22 22:27:27.912777,1068.72,Credit Card,,15.99,36.36,9.16,485.08,South
918,51,3,2023-12-03 22:27:27.912777,1184.96,Debit Card,Pending,25.25,31.69,29.46,375.66,North
919,147,1,2023-05-04 22:27:27.912778,132.05,Cash,,46.66,7.03,28.0,96.04,North
920,21,58,2023-04-21 22:27:27.912779,730.73,Debit Card,,34.7,22.15,36.95,41.62,Central
921,5,38,2023-01-04 22:27:27.912780,1449.03,UPI,Pending,22.49,28.07,40.63,293.05,East
922,92,15,2023-06-03 22:27:27.912780,409.11,Cash,Failed,10.91,42.45,6.43,185.33,East
923,170,34,2023-10-12 22:27:27.912781,415.12,Net Banking,Success,16.81,22.18,0.92,144.97,East
924,61,61,2023-03-27 22:27:27.912782,30.08,UPI,Success,31.15,45.94,34.48,405.53,East
925,22,35,2023-11-12 22:27:27.912782,880.59,Credit Card,Success,37.32,22.02,15.07,189.83,East
926,149,64,2023-06-27 22:27:27.912783,1766.64,Credit Card,Success,,27.44,31.3,165.33,Central
927,70,25,2023-07-01 22:27:27.912784,113.28,Credit Card,Failed,31.98,39.81,7.53,426.49,West
928,1,24,2023-09-15 22:27:27.912784,390.33,UPI,Failed,29.77,29.15,23.45,424.68,South
929,133,12,2023-06-30 22:27:27.912785,627.07,UPI,Pending,28.13,48.01,25.22,184.62,East
930,12,18,2023-06-01 22:27:27.912786,1466.13,,Failed,36.06,33.02,29.25,417.92,West
931,90,15,2023-10-07 22:27:27.912787,1284.86,Cash,Failed,42.69,26.14,25.66,426.88,North
932,46,80,2023-02-04 22:27:27.912787,837.73,Cash,,19.53,1.18,24.78,217.73,Central
933,34,27,2023-01-21 22:27:27.912788,1520.55,Credit Card,Pending,45.01,20.69,16.64,42.57,West
934,177,72,2023-05-09 22:27:27.912789,1223.17,Debit Card,Success,12.23,14.96,3.56,10.78,East
935,78,60,2023-07-07 22:27:27.912790,1793.12,Credit Card,Failed,12.79,37.41,4.48,266.41,East
936,45,46,2023-08-19 22:27:27.912790,1637.87,Net Banking,Pending,17.0,10.41,21.69,178.6,East
937,155,89,2023-09-21 22:27:27.912791,513.1,Cash,Pending,10.38,10.26,17.79,498.59,West
938,73,17,2023-11-06 22:27:27.912792,550.16,UPI,Pending,15.36,9.48,25.81,388.48,East
939,26,93,2023-01-26 22:27:27.912793,259.46,Cash,Success,9.79,6.28,15.24,383.02,West
940,47,53,2023-08-11 22:27:27.912794,680.56,,Failed,41.98,15.55,34.4,478.07,East
941,121,8,2022-12-15 22:27:27.912795,1999.09,Net Banking,Pending,,44.3,43.2,444.98,North
942,56,79,2023-05-28 22:27:27.912795,817.44,Net Banking,Success,38.63,38.75,14.94,165.91,North
943,94,27,2023-11-17 22:27:27.912796,448.77,Cash,Pending,7.16,36.76,9.65,91.33,South
944,107,46,2023-06-16 22:27:27.912797,1527.34,UPI,Pending,47.68,39.87,5.81,375.49,East
945,63,50,2023-04-22 22:27:27.912798,1089.52,Net Banking,Pending,37.0,13.47,30.81,195.35,East
946,48,71,2022-12-21 22:27:27.912798,307.71,Credit Card,Pending,5.31,44.37,22.19,241.85,West
947,61,3,2023-06-06 22:27:27.912799,767.57,Credit Card,Pending,,6.87,9.4,318.89,West
948,81,93,2023-08-15 22:27:27.912800,834.79,UPI,Success,28.13,16.82,32.66,454.86,East
949,26,64,2023-06-06 22:27:27.912800,1510.12,Cash,Failed,40.07,29.34,7.42,215.35,South
950,36,44,2023-07-13 22:27:27.912801,51.14,Net Banking,Failed,28.51,5.15,27.72,393.83,East
951,1,53,2023-01-21 22:27:27.912802,545.35,Cash,Failed,33.85,36.51,26.36,141.49,West
952,8,24,2023-08-12 22:27:27.912803,1040.02,Credit Card,Failed,,19.36,36.71,352.01,East
953,113,60,2023-08-15 22:27:27.912803,545.01,Net Banking,Success,23.23,39.22,2.76,10.77,West
954,99,3,2023-03-30 22:27:27.912804,1260.58,Cash,Success,5.12,24.64,44.39,437.04,East
955,180,20,2023-03-30 22:27:27.912805,968.92,,Success,43.25,9.04,35.15,24.89,Central
956,47,46,2023-02-06 22:27:27.912805,729.8,UPI,Pending,22.14,36.74,10.81,359.25,West
957,127,15,2023-01-27 22:27:27.912806,1898.93,UPI,Pending,27.32,12.61,9.17,32.67,South
958,56,25,2023-08-10 22:27:27.912807,1268.0,Debit Card,Pending,5.35,24.54,21.58,140.46,Central
959,14,94,2023-02-08 22:27:27.912808,268.58,Credit Card,,27.14,3.78,40.88,253.63,East
960,28,78,2023-06-28 22:27:27.912808,1124.58,Net Banking,,,30.89,42.15,215.77,West
961,78,71,2023-05-22 22:27:27.912809,1563.66,UPI,Failed,17.52,33.29,26.02,104.0,Central
962,130,17,2023-03-21 22:27:27.912810,1419.89,Debit Card,Pending,22.79,18.93,43.04,173.57,South
963,109,84,2023-07-11 22:27:27.912811,352.46,Debit Card,Failed,35.92,47.72,0.27,366.58,West
964,154,100,2023-04-10 22:27:27.912811,1945.12,Credit Card,,41.67,43.71,1.76,337.94,Central
965,14,9,2023-10-20 22:27:27.912812,903.14,Credit Card,Pending,,35.4,45.59,45.19,Central
966,187,38,2023-05-22 22:27:27.912813,326.46,Cash,Success,18.94,35.68,38.77,376.18,Central
967,56,48,2023-10-20 22:27:27.912813,368.59,UPI,,47.2,12.62,22.54,35.99,North
968,115,60,2023-09-19 22:27:27.912814,205.49,Cash,Pending,35.47,32.84,37.68,276.03,East
969,7,63,2023-08-04 22:27:27.912815,1609.0,Debit Card,Success,10.36,9.91,47.78,137.43,West
970,3,86,2023-09-22 22:27:27.912815,252.84,Net Banking,Failed,8.1,7.2,38.6,297.97,West
971,111,2,2022-12-12 22:27:27.912816,259.0,Net Banking,Success,26.76,49.97,42.12,138.05,West
972,151,88,2023-07-22 22:27:27.912817,1702.44,Credit Card,Success,14.9,31.12,38.03,492.63,Central
973,107,72,2023-09-07 22:27:27.912818,695.76,Net Banking,Failed,16.43,21.55,8.41,161.77,East
974,18,11,2023-01-15 22:27:27.912818,71.41,Net Banking,Pending,44.5,14.41,41.68,128.56,South
975,38,64,2023-10-06 22:27:27.912819,113.27,Net Banking,Failed,9.03,30.2,9.76,146.45,West
976,115,77,2023-07-21 22:27:27.912820,292.92,Debit Card,Pending,37.19,2.48,44.63,449.27,East
977,15,81,2023-10-17 22:27:27.912820,434.65,,,17.2,4.73,22.93,321.75,East
978,192,72,2023-03-22 22:27:27.912821,1333.64,Net Banking,Failed,39.21,1.64,33.85,368.04,North
979,119,21,2023-08-21 22:27:27.912822,323.08,Net Banking,Success,37.51,24.96,24.86,459.83,West
980,28,18,2023-08-15 22:27:27.912823,246.56,Cash,Failed,5.33,30.03,4.7,456.82,Central
981,39,94,2022-12-21 22:27:27.912823,1531.79,Debit Card,Pending,,3.12,14.54,372.08,East
982,185,64,2023-03-27 22:27:27.912824,1345.4,Credit Card,,11.27,36.06,49.19,106.93,East
983,17,82,2023-08-10 22:27:27.912825,876.3,Cash,Failed,43.98,11.52,48.04,423.25,South
984,86,95,2023-05-22 22:27:27.912825,1103.13,UPI,Pending,44.22,34.26,16.02,109.85,North
985,126,38,2023-01-03 22:27:27.912826,630.85,Debit Card,Success,,49.09,49.81,374.02,East
986,44,32,2023-10-16 22:27:27.912827,970.18,,Failed,25.0,34.56,42.28,345.95,East
987,25,11,2023-04-05 22:27:27.912828,1018.28,UPI,Pending,18.65,44.16,30.55,381.86,Central
988,145,45,2023-11-01 22:27:27.912828,780.6,UPI,,37.25,47.41,2.01,271.02,Central
989,13,89,2023-02-07 22:27:27.912829,1814.08,UPI,Failed,21.14,24.34,45.07,322.98,South
990,25,33,2023-09-28 22:27:27.912830,41.96,Credit Card,,17.05,35.12,27.87,477.13,South
991,68,41,2022-12-22 22:27:27.912830,1566.52,Net Banking,Failed,24.45,42.6,43.42,59.53,South
992,138,8,2023-01-20 22:27:27.912831,257.52,Debit Card,Success,9.12,17.83,41.72,161.34,Central
993,67,11,2023-10-18 22:27:27.912832,1597.12,,Success,38.6,13.07,41.65,309.56,Central
994,109,86,2023-09-23 22:27:27.912833,1235.66,Net Banking,,5.57,47.33,34.91,482.39,North
995,146,51,2023-05-28 22:27:27.912833,1688.12,UPI,,34.0,36.32,14.57,56.83,West
996,111,88,2023-03-20 22:27:27.912834,204.05,Credit Card,Failed,13.23,10.98,16.81,21.05,West
997,111,41,2022-12-15 22:27:27.912835,1122.37,,Pending,15.46,22.45,15.42,37.32,North
998,34,17,2023-09-27 22:27:27.912835,1007.16,Credit Card,Pending,33.6,39.82,1.0,35.68,West
999,111,76,2023-09-07 22:27:27.912836,1415.32,Net Banking,Pending,49.68,27.35,29.13,454.83,Central
1000,8,46,2023-03-21 22:27:27.912837,1073.24,Credit Card,Pending,,32.5,34.94,363.42,West
